duration,ies_1,ies_2,ies_3,ies_4,ies_5,ies_6,ies_7,ies_8,ies_9,ies_10,ies_11,ies_12,ies_13,ies_14,ies_15,ibq_1,ibq_2,ibq_3,ibq_4,ibq_5,ibq_6,ibq_7,ibq_8,ibq_9,ibq_10,ibq_11,ibq_12,id_1before,id_1after,tsc_1,tsc_2,tsc_3,tsc_4,tsc_5,tsc_6,tsc_7,tsc_8,tsc_9,tsc_10,tsc_11,tsc_12,tsc_13,tsc_14,tsc_15,tsc_16,tsc_17,tsc_18,tsc_19,tsc_20,tsc_21,tsc_22,tsc_23,tsc_24,tsc_25,tsc_26,tsc_27,tsc_28,tsc_29,tsc_30,tsc_31,tsc_32,tsc_33,tsc_34,tsc_35,tsc_36,tsc_37,tsc_38,tsc_39,tsc_40,att_1,att_2,att_3,att_4,att_5,age,gender,gendertext,raceethn,raceethntext,int,orient,orienttext,religion,religiontext,varsity,nonvarsity,frat,soror,housing,inperson,liveeug,student,studenttext,covid19
2007,3,2,1,2,3,1,3,4,4,3,3,3,3,3,3,0,1,1,1,1,1,1,1,1,1,1,0,4,1,3,2,0,1,0,2,2,2,0,2,1,0,0,1,1,1,0,0,1,2,2,3,0,1,1,0,0,2,1,0,1,2,0,0,0,0,0,0,2,0,2,1,10,3,6,20,1,,7,,0,4,,7,,2,1,2,1,1,2,1,3,,1
2086,3,3,2,2,3,1,4,2,3,2,3,2,2,2,3,1,1,1,2,1,1,1,1,0,0,1,1,4,1,1,2,2,2,0,1,2,2,1,0,1,2,0,2,2,1,1,1,3,0,3,2,0,1,3,1,1,0,0,0,1,2,2,2,1,0,1,1,1,1,2,1,10,3,6,19,1,,7,,0,4,,4,,2,2,2,1,2,1,1,2,,1
7568,3,2,1,1,2,1,3,1,3,2,4,2,4,2,3,0,0,0,0,1,0,0,1,0,0,1,1,3,0,1,3,3,3,0,3,2,3,0,2,2,3,2,3,3,0,1,1,3,1,1,2,1,1,0,1,1,3,0,0,1,0,1,1,0,0,1,2,0,0,2,1,10,3,6,18,1,,7,,0,7,Pansexual ,2,,2,2,2,2,1,2,3,1,,1
2308,3,4,3,1,2,1,2,1,3,1,4,3,3,2,3,0,1,0,0,2,0,0,0,0,0,0,0,3,1,0,1,0,1,0,2,0,1,1,0,0,2,0,1,1,0,0,0,0,0,0,1,0,0,0,0,0,1,0,0,1,0,0,0,0,0,0,0,0,1,2,1,10,3,6,20,2,,7,,0,4,,4,,2,2,2,2,2,1,1,3,,2
1124,3,3,1,1,3,1,1,1,1,1,3,1,1,1,2,0,0,0,0,0,0,0,0,0,0,0,0,4,3,0,0,2,2,0,1,2,0,2,3,0,1,0,2,1,1,1,0,0,0,1,1,2,1,0,0,0,0,0,0,0,0,1,0,0,0,2,2,0,0,2,1,10,3,6,19,1,,7,,0,4,,1,,2,2,2,1,1,2,1,2,,1
4334,4,4,3,1,3,2,2,3,2,3,2,3,3,3,3,2,0,1,0,1,1,0,0,0,0,0,0,3,0,2,2,0,2,0,1,1,2,0,1,0,0,0,2,1,1,1,0,1,0,3,3,0,0,1,0,0,1,0,0,1,0,0,1,1,0,2,0,1,0,0,1,10,3,6,18,1,,7,,0,2,,,,2,2,2,2,1,2,3,1,,1
1543,4,2,1,3,4,1,1,1,1,3,4,3,1,3,3,0,1,2,0,0,0,0,0,0,0,0,0,3,0,2,3,0,0,2,3,0,3,2,1,0,3,0,3,3,2,0,1,2,1,2,3,0,2,1,0,0,1,0,0,3,1,1,3,0,0,1,2,1,2,2,1,10,3,6,20,1,,7,,0,4,,2,,2,2,2,1,2,2,3,3,,1
2064,4,1,1,2,3,1,1,1,1,2,2,1,1,3,1,0,0,0,0,0,0,0,0,0,0,0,0,4,3,1,0,0,0,0,2,0,0,0,1,0,1,0,1,2,0,0,0,1,0,0,2,0,0,0,0,0,1,0,0,0,0,0,0,0,0,0,0,0,0,2,1,10,3,6,18,2,,7,,0,4,,1,,2,1,1,2,1,2,1,1,,1
1539,3,1,1,1,3,1,1,1,1,2,2,1,1,1,2,0,0,0,2,2,2,0,2,2,2,0,0,3,1,1,1,0,1,0,2,1,0,0,0,0,2,0,2,2,1,0,1,0,0,0,1,0,1,0,0,0,0,0,0,1,1,2,1,0,0,0,0,0,0,2,1,10,3,6,19,1,,7,,0,4,,2,,2,1,2,2,2,1,3,2,,2
2746,3,2,1,2,1,1,2,1,1,1,2,2,1,2,1,0,0,0,0,0,0,0,0,0,0,0,0,4,0,0,0,0,0,0,0,0,0,0,0,0,0,0,0,0,0,0,0,0,0,0,0,0,0,0,0,0,0,0,0,0,1,0,0,0,0,0,0,0,0,2,1,10,3,6,20,1,,7,,0,4,,4,,2,2,2,2,2,2,2,3,,2
2555,2,2,1,1,2,1,1,1,1,1,1,1,1,1,1,0,0,0,0,0,0,0,0,0,0,0,0,4,0,0,1,0,0,0,0,0,0,0,1,0,0,0,0,1,0,0,0,0,0,0,0,0,0,0,0,0,0,0,0,0,0,0,0,0,0,2,0,0,0,2,1,10,3,6,19,1,,,,0,4,,4,,2,2,2,2,2,2,1,2,,2
3359,2,2,1,1,1,1,1,1,1,1,1,1,1,1,1,2,2,2,2,2,2,2,2,2,2,2,2,2,1,1,1,1,1,0,2,0,2,0,2,0,1,1,0,3,1,0,0,2,1,0,1,0,2,1,3,0,2,0,1,0,3,0,0,0,0,0,0,0,0,2,1,10,3,6,18,1,,4,,0,4,,1,,2,2,2,2,2,1,2,1,,2
2333,2,1,1,1,1,1,1,1,1,1,2,1,1,1,3,0,1,0,0,0,0,0,0,0,0,0,1,4,3,1,0,0,0,0,2,1,0,0,0,0,1,0,1,1,1,0,0,0,0,0,0,0,0,0,0,0,0,0,0,0,0,0,0,0,0,0,0,0,0,2,1,10,3,6,19,2,,"2,4,7",,0,4,,2,,2,1,2,2,2,2,3,2,,1
2687,3,3,3,2,2,1,2,1,4,2,2,4,4,3,3,0,1,2,0,0,2,0,2,0,0,0,1,3,2,1,1,0,2,1,3,0,2,0,0,2,3,1,1,2,2,2,2,1,0,0,2,0,1,1,1,0,1,0,0,1,0,1,2,0,0,3,1,0,1,,1,10,3,6,20,1,,2,,0,4,,1,,2,2,2,2,2,2,2,3,,2
1749,4,2,2,1,1,1,1,1,1,1,4,1,1,1,1,1,1,1,1,1,1,1,1,0,1,1,1,4,1,3,3,2,2,1,2,0,3,1,1,2,3,1,3,3,1,0,0,3,0,0,2,0,3,2,1,1,2,0,0,2,0,2,3,0,0,2,2,2,3,2,1,10,3,6,20,2,,7,,0,4,,4,,2,2,1,2,2,2,1,3,,1
745,3,3,3,3,3,3,3,3,3,3,3,3,3,3,3,2,0,0,2,2,0,2,0,2,2,2,0,4,3,2,0,0,0,0,2,0,0,0,0,0,3,1,0,2,0,1,0,0,3,0,1,0,1,0,1,1,1,0,0,1,0,0,0,0,0,0,0,0,0,0,1,10,2,3,21,1,,2,,1,1,,8,non-religious,2,2,2,1,2,2,1,3,,2
2513,1,1,1,1,1,1,1,1,1,1,1,1,1,1,4,2,2,2,2,2,2,2,2,2,2,0,0,2,1,0,0,0,0,0,0,0,0,0,0,0,0,0,0,0,0,0,0,0,0,0,0,0,0,0,0,0,0,0,0,0,0,0,0,0,0,0,0,0,0,2,1,10,3,6,19,2,,7,,0,4,,8,Spiritual,2,2,2,2,2,2,2,1,,2
1190,3,2,1,1,2,1,1,1,2,1,2,3,2,2,1,0,1,1,0,0,0,0,0,1,1,0,1,4,1,1,2,0,0,1,2,1,2,3,3,0,3,0,3,2,1,1,0,1,1,0,2,0,1,1,1,0,2,1,0,2,3,1,3,0,0,2,1,3,2,2,1,10,3,6,19,2,,7,,0,1,,8,,2,1,1,2,1,2,1,2,,2
2769,3,3,3,2,3,1,1,1,3,4,3,2,4,2,3,0,0,0,0,0,0,0,0,0,0,0,0,2,0,2,1,0,1,0,0,0,0,0,1,0,0,1,0,1,0,0,0,0,0,0,3,0,0,0,0,0,1,0,0,2,0,0,2,0,0,0,0,0,0,2,1,10,3,6,18,2,,4,,0,4,,4,,2,2,2,2,2,2,2,1,,1
9817,4,4,4,4,4,4,4,3,4,4,4,4,4,3,4,0,0,0,0,0,0,0,0,0,0,0,0,3,0,2,3,1,3,0,3,0,3,1,2,1,3,1,3,,2,1,3,3,3,1,3,0,2,2,0,0,2,0,0,2,2,1,3,1,0,3,3,1,2,2,1,10,3,6,18,1,,7,,0,4,,2,,2,2,2,2,1,2,3,1,,1
2346,3,3,1,1,1,1,2,1,1,2,1,2,2,1,1,1,0,1,0,2,0,0,0,0,0,0,0,2,0,0,3,0,0,0,2,0,3,0,1,0,1,0,1,1,0,0,0,3,0,0,3,0,1,1,0,0,1,0,0,0,1,1,0,0,0,0,0,0,0,2,1,10,3,6,18,2,,7,,0,2,,1,,2,1,2,2,1,2,1,1,,1
75,,,,,,,,,,,,,,,,,,,,,,,,,,,,,,,,,,,,,,,,,,,,,,,,,,,,,,,,,,,,,,,,,,,,,,,,,,,,,,,,,,,,,,,,,,,,,,
70,,,,,,,,,,,,,,,,,,,,,,,,,,,,,,,,,,,,,,,,,,,,,,,,,,,,,,,,,,,,,,,,,,,,,,,,,,,,,,,,,,,,,,,,,,,,,,
2048,3,4,2,1,3,1,2,1,2,1,3,2,2,2,1,1,1,1,0,0,0,0,0,0,0,0,0,1,0,2,2,3,3,0,3,1,2,2,2,0,3,0,2,3,2,0,0,1,3,1,3,0,1,2,1,0,1,0,0,2,0,3,1,2,0,2,0,2,0,2,1,10,3,6,18,1,,7,,0,4,,1,,2,2,2,2,2,2,1,1,,1
1511,2,2,2,1,1,1,1,1,1,1,1,1,1,1,1,0,0,0,0,0,0,0,0,0,0,0,0,3,1,0,1,0,0,0,2,0,0,0,0,0,2,0,1,1,0,0,0,0,0,0,2,0,1,0,0,0,0,0,0,0,0,0,1,0,0,0,0,0,0,2,1,10,3,6,20,2,,"4,7",,0,4,,8,,2,2,2,2,2,2,1,3,,1
3204,1,3,2,1,1,1,2,1,3,1,4,1,2,1,1,0,0,0,0,0,0,0,0,0,0,0,1,4,1,3,3,0,3,1,0,0,2,2,0,0,0,1,0,1,0,0,1,2,0,0,2,0,1,2,0,0,3,0,0,0,0,0,3,0,0,0,0,0,0,2,1,10,3,6,20,2,,7,,0,7,Love who I love,4,,2,2,2,2,2,1,1,3,,2
4382,3,4,1,1,1,1,2,1,3,2,2,1,3,2,3,0,1,0,2,0,0,1,1,2,2,2,2,3,1,0,0,0,0,0,3,1,0,0,0,0,2,1,3,1,0,2,0,3,0,2,2,0,1,1,0,1,0,0,0,0,0,2,0,0,0,0,1,0,0,0,1,8,2,3,18,1,,"2,6",,0,4,,4,,2,2,2,1,1,2,1,1,,1
1821,1,3,1,1,1,1,1,1,2,1,1,1,1,1,1,0,0,0,0,0,0,0,0,0,0,0,0,3,1,0,0,0,0,0,1,0,0,0,1,0,0,0,0,1,0,0,0,0,0,0,0,0,0,0,0,0,0,0,0,0,0,0,0,0,0,1,0,0,0,2,1,10,3,6,21,2,,3,,0,4,,1,,2,1,2,2,1,2,1,3,,1
1681,4,2,1,1,3,2,2,1,1,1,1,1,2,1,1,0,1,0,0,0,0,0,0,0,0,0,0,3,0,1,0,0,0,0,2,0,0,0,1,0,0,0,1,0,0,3,0,0,0,0,1,0,0,1,0,0,1,0,0,0,0,0,0,0,0,0,0,0,0,2,1,10,3,6,22,1,,3,,0,,,3,,2,2,2,2,2,2,1,3,,2
1916,4,3,2,4,4,4,3,3,3,3,4,4,3,2,3,0,1,0,0,0,0,0,0,0,0,0,1,4,0,0,1,0,0,0,1,0,2,0,0,0,0,1,1,2,0,0,0,0,1,0,1,0,0,0,0,0,2,0,0,0,0,0,1,0,0,0,1,0,0,2,1,10,3,6,20,1,,7,,0,4,,4,,2,2,2,2,2,1,1,3,,1
2559,3,3,1,2,3,1,1,1,1,2,4,2,1,2,2,0,0,0,0,0,0,0,0,1,1,0,0,2,1,1,0,2,1,0,1,2,1,1,2,0,1,1,1,2,1,1,2,2,1,2,3,1,1,1,0,0,1,0,0,1,2,1,1,0,0,1,1,0,0,2,3,8,3,6,19,1,,"3,7",,0,4,,4,,2,2,2,1,2,2,3,2,,1
5269,3,2,1,1,1,3,1,1,3,1,1,1,3,1,3,0,0,0,0,0,0,0,0,0,0,0,1,4,1,1,3,0,1,1,1,0,3,0,1,1,3,1,2,1,0,2,2,1,0,1,3,1,0,2,0,0,3,2,0,1,1,0,3,3,0,2,2,0,1,2,1,10,3,6,,1,,7,,0,4,,1,,2,2,2,2,2,1,1,2,,1
3170,1,1,1,1,1,1,1,1,1,1,1,1,1,1,1,0,1,0,0,0,0,0,0,0,0,1,1,2,1,0,0,0,0,0,0,0,1,0,0,0,2,0,0,0,0,0,0,0,0,0,0,0,0,0,0,0,0,0,0,0,0,0,1,0,0,0,0,0,0,2,1,10,3,6,23,1,,9,"Chinese, ""Asian"" is neither a race nor ethnicity",1,4,,1,,2,2,2,2,2,2,2,3,,1
2582,3,3,2,1,3,1,3,1,4,2,2,3,4,3,1,0,0,0,0,0,0,0,0,0,0,0,0,4,0,2,0,0,2,0,3,2,1,0,1,0,3,1,3,3,1,1,0,2,0,1,2,0,0,2,1,2,3,0,0,3,0,1,2,0,0,2,2,2,0,2,1,10,3,6,19,1,,7,,0,4,,8,,2,2,2,2,2,2,3,2,,1
1476,3,1,1,3,4,3,2,1,2,3,4,3,2,2,1,0,0,0,1,0,0,0,0,0,0,0,1,4,1,2,2,0,0,1,3,2,2,1,3,0,3,2,3,3,1,3,0,0,2,0,3,1,0,0,0,0,3,1,0,2,1,1,1,0,0,2,2,0,1,2,1,10,3,6,20,1,,7,,0,4,,1,,2,2,2,1,1,2,3,3,,1
2081,4,3,2,1,3,1,2,1,3,3,4,4,4,3,3,0,1,0,0,2,2,0,2,2,1,0,1,2,1,1,0,0,1,0,3,1,1,0,2,0,3,0,2,3,0,1,1,0,2,0,1,1,1,3,0,0,1,1,0,0,1,3,2,0,0,2,2,1,2,2,1,10,3,6,18,1,,7,,0,4,,4,,2,2,2,1,1,2,1,1,,1
3125,4,2,1,2,3,2,2,1,2,3,3,2,3,3,4,0,0,0,0,0,2,1,0,0,0,0,0,3,0,2,3,1,1,0,1,0,1,0,1,0,2,1,2,2,0,1,1,0,1,1,2,0,1,0,0,0,0,0,1,1,0,1,0,1,0,1,0,0,0,2,1,10,3,6,18,1,,7,,0,4,,4,,2,2,2,1,1,2,1,1,,1
2534,2,2,1,1,2,1,1,2,2,1,1,2,2,2,1,0,0,2,0,1,1,1,2,0,2,0,2,3,0,1,1,0,1,0,1,0,2,2,0,0,0,0,1,1,0,0,0,0,0,0,3,0,1,1,0,0,0,0,0,0,0,0,1,0,0,1,1,1,0,2,1,10,3,6,19,2,,4,,0,4,,8,Catholicism,2,1,2,2,1,1,1,2,,2
74626,2,1,1,1,1,1,2,2,1,1,1,1,1,1,2,0,0,0,0,0,0,0,0,0,0,0,0,3,2,0,3,0,0,0,2,2,3,0,0,2,1,3,3,1,0,0,0,0,0,0,2,0,0,1,0,0,3,0,0,0,0,1,1,0,0,1,1,0,0,2,1,10,3,6,19,2,,4,,0,4,,1,,2,2,2,2,2,2,2,2,,1
3904,2,1,1,1,1,1,1,1,1,1,1,1,1,1,2,0,0,0,0,0,0,0,0,0,0,0,0,2,1,0,0,0,0,0,1,0,0,0,0,2,2,0,2,1,0,0,0,1,0,0,1,0,0,0,0,0,0,0,0,0,0,0,1,0,0,0,0,0,0,2,1,10,3,6,20,2,,"2,7",,0,2,,"1,2,7",,2,2,2,2,2,1,1,3,,1
2293,3,1,1,1,2,1,1,1,2,1,2,1,1,1,2,0,0,0,0,0,0,0,0,0,0,0,0,4,0,0,1,0,0,0,1,0,1,0,0,0,0,0,1,0,0,0,0,0,0,0,1,0,0,0,0,0,0,0,0,0,0,0,0,0,0,0,0,0,0,2,1,10,3,6,19,2,,2,,0,4,,4,,2,1,1,2,1,2,1,2,,1
1990,3,3,3,2,3,1,3,3,1,2,3,4,2,2,3,0,0,0,0,0,0,0,0,0,0,0,0,2,1,2,0,0,1,0,2,2,2,1,2,2,2,2,3,3,0,1,0,2,3,0,1,1,0,0,1,0,1,1,0,0,0,1,2,0,0,1,2,0,0,2,1,10,3,6,19,1,,7,,0,4,,1,,2,2,2,2,2,1,1,2,,1
3655,3,3,2,3,4,1,4,3,3,3,2,2,3,2,4,0,0,0,0,0,0,0,0,0,0,0,1,1,0,3,1,3,1,0,2,3,3,0,2,1,3,2,3,2,1,2,1,2,2,3,2,1,1,3,0,0,3,0,,3,2,0,1,0,1,3,3,2,2,2,1,10,3,6,18,1,,7,,0,2,,3,,2,2,2,2,2,2,2,1,,2
5933,4,2,3,3,4,1,3,1,3,4,3,3,3,3,3,0,0,1,1,2,2,1,1,1,1,1,1,3,1,1,0,0,0,0,1,1,1,0,3,0,2,0,3,1,0,0,0,0,1,1,1,0,1,2,0,0,3,0,0,0,3,0,2,0,0,1,0,0,0,2,1,10,3,6,19,1,,4,,0,4,,4,,2,2,2,1,1,2,1,2,,1
860,3,4,2,1,2,3,2,3,3,1,3,3,4,2,3,0,1,1,0,1,0,2,0,0,0,1,1,4,1,3,1,0,3,0,2,1,1,0,1,0,3,1,1,1,1,0,0,0,0,1,2,0,1,0,1,0,2,0,0,2,2,0,2,0,0,0,0,1,0,2,1,10,3,6,21,1,,7,,0,4,,4,,2,2,2,2,2,1,1,3,,1
2064,3,1,4,1,1,1,3,3,3,3,3,3,3,3,3,1,1,1,0,2,1,2,2,2,1,0,0,4,3,2,0,0,0,0,1,0,0,0,0,2,1,1,1,1,0,0,0,0,0,0,1,0,0,1,0,0,0,0,0,0,0,0,1,0,0,1,0,0,0,2,1,10,3,6,19,1,,"4,7",,0,4,,4,,1,2,2,1,2,2,1,2,,1
2700,3,3,3,1,1,1,1,1,2,1,1,1,1,1,1,1,1,1,0,2,1,2,2,1,1,1,1,4,0,0,0,0,0,0,0,0,0,0,0,0,0,0,1,0,0,0,0,0,,0,0,0,0,0,0,3,1,0,0,0,1,0,0,0,0,0,0,0,0,2,1,9,3,6,,2,,7,,0,4,,4,,2,1,1,2,1,2,3,2,,1
1271,2,2,3,3,3,3,3,2,3,3,3,2,3,3,2,0,1,0,0,0,0,0,0,0,0,0,0,4,3,2,3,0,0,0,0,0,1,1,0,0,1,2,0,2,2,1,1,3,0,0,3,0,1,1,0,0,2,0,0,1,0,0,2,0,0,1,1,0,0,2,1,10,3,6,19,1,,4,,1,2,,4,,1,2,2,2,2,2,1,2,,2
1132,4,3,1,4,4,4,3,1,4,4,3,4,4,4,4,0,0,0,0,0,1,0,0,0,0,0,0,1,2,0,3,0,0,0,3,2,3,0,3,1,3,1,3,3,0,0,2,2,3,0,3,0,3,3,1,0,0,0,0,3,2,1,1,0,1,0,3,0,1,2,1,10,3,6,19,1,,4,,0,4,,"2,4",,2,2,2,1,1,2,1,1,,1
3860,3,2,3,2,3,1,1,2,3,2,4,4,4,4,2,0,1,0,0,0,0,0,0,0,1,0,0,4,3,3,0,0,2,1,2,3,0,1,0,0,2,0,3,3,0,3,0,0,0,1,3,0,2,0,0,0,1,0,0,0,0,3,1,1,0,3,1,1,0,2,1,10,3,6,19,1,,7,,0,4,,4,,2,1,2,1,1,1,1,2,,1
1919,4,3,3,2,2,2,3,1,1,1,4,4,3,3,3,2,1,2,1,1,1,0,0,2,0,0,0,3,0,0,0,0,1,0,3,2,2,0,0,0,3,1,3,2,0,0,2,0,2,0,0,0,3,2,0,0,0,0,2,0,1,1,1,0,0,2,3,0,0,,1,10,3,6,18,2,,4,,0,4,,4,,2,2,2,2,2,2,1,1,,1
2055,4,4,3,1,2,1,1,1,1,1,4,1,1,1,3,0,1,0,0,0,0,0,0,0,0,0,0,2,2,0,3,0,0,0,2,1,1,1,1,1,1,0,2,2,0,1,1,1,1,0,2,1,0,3,1,0,1,1,0,0,0,3,2,0,0,1,0,0,0,2,1,10,3,6,22,1,,7,,0,4,,"1,2",,2,2,2,2,2,2,1,2,,1
2929,4,3,3,1,3,1,2,3,3,3,4,3,4,3,3,0,0,0,0,0,0,0,0,0,0,0,0,4,0,1,1,0,2,1,1,1,1,0,0,0,1,0,2,1,2,2,0,1,0,1,1,1,0,0,0,0,0,1,0,2,0,0,0,2,0,1,0,0,1,2,1,10,3,6,19,1,,7,,0,4,,2,,2,1,2,2,2,2,1,2,,1
1587,3,3,1,1,1,1,2,1,1,1,1,1,1,1,4,1,1,0,1,1,0,0,0,0,0,1,1,1,0,1,0,0,1,0,2,0,0,0,0,0,2,0,0,1,0,1,1,0,0,0,1,0,0,1,0,0,0,0,0,0,0,0,0,0,0,1,0,0,0,2,1,10,3,6,18,2,,2,,0,4,,2,,2,2,2,2,1,1,1,1,,1
1964,3,2,3,2,2,3,2,1,1,1,3,2,1,2,1,0,1,0,1,2,2,2,2,2,1,2,2,2,0,0,1,0,2,0,3,2,2,0,0,0,3,0,0,2,0,0,0,3,1,2,0,0,1,2,0,0,2,0,0,3,2,0,0,0,0,1,0,0,0,2,1,10,3,6,18,1,,2,,0,1,,2,,2,2,2,2,1,2,1,1,,1
1479,4,2,1,3,4,2,3,1,1,3,3,3,3,3,2,1,1,0,1,1,1,1,1,0,1,0,1,3,0,0,0,0,0,0,3,3,2,0,3,0,3,1,3,3,0,0,0,3,3,0,3,0,1,0,0,0,1,2,0,0,0,2,2,0,0,3,0,0,0,2,1,7,3,6,19,1,,3,,0,4,,4,,2,2,2,1,2,2,1,2,,1
1323,4,3,3,2,2,1,2,1,2,2,2,2,2,2,2,0,1,0,0,2,0,0,0,1,0,0,1,3,1,0,1,1,1,0,0,0,1,0,0,0,0,0,0,0,0,0,0,1,0,0,1,0,0,0,0,0,0,0,0,0,0,0,0,0,0,0,0,0,0,0,1,7,2,3,18,1,,7,,0,4,,8,,2,1,2,2,1,2,3,1,,2
6675,3,2,1,1,3,1,1,1,2,1,3,1,1,1,2,1,0,1,1,0,0,0,0,0,1,1,0,4,1,0,1,0,1,0,0,1,1,0,2,0,0,1,2,1,0,0,3,1,1,3,0,0,1,1,0,0,2,0,0,1,1,2,2,0,0,1,1,0,0,2,1,10,3,6,20,1,,7,,0,2,,1,,2,2,2,2,2,2,1,3,,1
2600,1,1,1,1,1,1,3,1,2,1,2,1,3,1,3,0,0,0,0,,,,,0,0,0,0,4,0,1,1,0,1,0,1,1,2,0,0,0,0,0,1,0,1,1,1,0,0,0,1,0,1,0,0,0,1,0,0,0,0,0,0,0,0,0,0,0,0,2,1,10,3,6,20,2,,7,,0,4,,8,Methodist ,2,2,2,2,2,2,1,2,,1
4705,3,4,4,2,2,4,3,3,4,3,3,3,3,3,4,0,0,2,0,2,2,0,1,1,2,0,1,1,1,2,2,0,2,0,3,0,3,1,0,0,2,0,1,2,1,3,0,0,0,0,2,0,0,1,0,1,0,0,1,0,0,0,2,0,0,1,1,0,0,2,1,10,3,6,18,1,,7,,0,2,,1,,2,2,2,2,1,2,1,1,,1
2962,2,1,1,1,2,1,1,1,1,1,2,1,1,1,1,0,0,0,0,0,0,0,0,0,0,0,0,3,1,1,3,0,0,0,2,1,2,0,0,0,1,1,2,1,0,0,1,1,0,0,0,0,0,0,0,0,0,0,0,0,1,0,2,0,0,1,0,0,0,2,1,10,3,6,20,2,,"2,4",,0,3,,4,,2,2,2,2,2,2,1,3,,2
1143,3,4,2,1,1,1,1,1,1,1,2,1,1,1,2,1,0,1,0,1,0,1,1,0,0,1,1,3,1,2,1,0,1,0,1,0,1,0,1,1,1,1,2,1,1,1,1,0,2,0,3,0,0,2,0,0,0,0,1,0,1,1,3,0,0,2,0,1,1,2,1,10,3,6,20,1,,7,,0,4,,1,,2,1,2,2,2,1,1,3,,1
1987,3,2,3,2,2,1,2,1,1,1,2,2,2,2,2,0,1,0,0,0,0,0,0,0,0,0,0,2,3,2,3,0,1,0,1,1,1,0,1,0,1,1,3,2,1,2,2,1,1,0,2,0,1,1,0,0,3,0,0,0,0,0,1,0,0,0,0,0,0,2,1,10,3,6,18,1,,7,,0,4,,7,,2,1,2,2,1,2,1,1,,2
57116,2,3,1,1,1,1,1,1,1,1,1,1,1,1,1,1,1,1,1,1,1,1,0,0,0,0,0,3,0,1,3,0,0,0,2,0,3,,0,0,1,0,0,,2,0,0,0,0,2,3,0,0,0,0,0,0,0,,0,0,1,0,1,0,0,0,0,0,0,1,10,3,6,21,2,,3,,0,2,,4,,2,2,2,2,1,2,3,3,,1
1605,1,1,1,1,1,1,1,1,1,1,1,1,1,1,3,0,0,0,0,2,2,2,2,2,2,2,2,4,0,0,1,0,0,0,1,0,1,0,0,0,0,0,1,0,0,0,0,1,0,0,1,0,0,0,0,0,2,0,0,0,0,0,0,0,0,0,0,0,0,2,1,10,2,6,20,2,,7,,0,4,,2,,2,2,2,2,2,2,3,2,,1
2058,4,2,1,2,3,3,2,1,3,3,4,3,1,3,3,0,0,0,0,0,0,0,0,2,0,0,0,2,0,0,3,0,0,0,1,0,2,0,2,1,2,1,2,2,0,0,1,0,2,2,1,0,2,2,0,0,1,1,0,2,0,1,0,0,0,0,1,1,2,2,1,10,3,6,18,1,,7,,0,2,,2,,2,2,2,2,1,2,1,1,,1
2591,3,3,2,3,3,2,2,2,3,3,2,2,3,3,3,1,0,1,0,0,0,1,0,0,0,1,1,2,0,1,2,2,3,0,2,1,3,0,2,0,0,1,3,2,3,0,0,0,0,2,3,1,1,3,0,2,1,0,0,1,1,2,2,1,0,2,0,3,0,1,1,11,3,6,19,1,,7,,0,2,,1,,2,2,2,2,1,1,1,1,,1
789,2,2,2,2,2,2,2,2,2,2,2,2,2,2,2,2,2,2,2,2,2,2,2,2,2,2,2,1,2,0,0,0,0,0,0,0,0,0,0,0,0,0,0,0,0,0,0,0,0,0,0,0,0,0,0,0,0,0,0,0,0,0,0,0,0,0,0,0,0,0,1,7,2,3,19,2,,7,,0,4,,4,,1,2,2,2,2,2,1,2,,1
2297,3,3,2,1,3,1,1,2,1,1,3,2,2,2,3,0,1,1,0,1,0,0,0,0,0,0,0,4,0,2,3,0,1,0,3,0,3,0,0,0,2,2,3,3,0,1,0,3,3,1,3,0,0,2,0,,3,0,0,2,1,3,3,0,0,0,0,0,0,2,1,10,3,6,20,1,,7,,0,4,,1,,2,2,2,2,2,1,1,3,,1
16339,3,2,2,1,3,3,3,1,3,3,2,3,2,3,1,1,0,1,2,0,1,0,0,1,1,0,0,3,2,2,0,3,,1,1,2,3,,1,1,0,0,2,1,2,1,2,2,1,1,0,1,2,1,1,3,0,0,0,2,,0,3,0,0,2,2,0,1,3,1,10,3,6,19,1,,7,,0,2,,1,,2,2,2,2,2,2,2,2,,1
3773,3,2,3,3,4,2,3,1,3,2,3,3,1,2,2,0,0,1,0,0,0,0,0,0,0,1,0,3,1,0,1,3,2,0,2,1,1,1,3,1,0,2,3,2,1,0,0,0,0,2,3,0,1,3,2,0,1,0,0,3,0,3,3,0,0,3,3,3,1,0,1,10,3,6,20,1,,7,,0,4,,,,2,2,2,2,2,2,1,2,,2
2472,4,3,1,1,2,1,2,1,1,2,2,2,2,1,2,0,0,0,0,2,2,0,2,2,2,2,1,2,1,2,2,1,1,0,2,2,2,1,1,0,2,0,2,2,0,0,2,1,1,1,3,0,2,1,0,1,3,0,0,1,1,1,2,0,0,1,2,1,1,2,1,10,3,6,18,1,,4,,0,4,,1,,2,2,2,2,2,2,2,1,,2
719,4,4,4,2,3,4,4,1,2,1,1,1,3,1,3,0,2,0,0,0,0,0,0,0,0,0,0,3,0,3,3,2,3,0,3,1,3,0,3,0,0,1,2,3,1,2,2,3,2,3,3,1,2,3,3,1,2,3,0,3,1,3,2,3,0,3,3,1,0,2,1,8,3,6,18,6,,7,,0,2,,8,Satanism,2,2,2,2,2,2,2,1,,1
2406,4,3,3,3,4,1,3,3,3,4,4,3,3,3,4,0,1,1,0,0,1,1,0,1,0,0,1,3,2,2,3,0,2,0,3,1,3,1,3,0,3,1,3,2,3,2,0,0,1,2,3,1,1,1,0,0,1,1,0,3,2,0,3,0,0,1,2,1,2,2,1,10,3,6,21,1,,7,,0,2,,1,,2,2,2,2,2,2,1,4,,1
1685,2,1,1,1,1,1,1,1,1,1,2,1,1,1,1,2,0,1,0,0,0,0,0,0,0,0,0,3,1,2,3,0,3,0,3,1,3,0,2,0,3,3,3,3,2,3,3,3,2,1,3,0,2,1,1,0,3,0,0,3,2,2,3,0,0,2,3,0,3,2,1,10,3,6,19,1,,1,,0,2,,8,spiritual ,2,2,2,2,2,2,1,2,,2
3692,3,1,3,4,3,1,4,2,2,3,3,2,3,1,3,0,1,1,1,1,2,2,0,0,0,0,0,3,0,1,1,1,3,0,2,3,3,3,3,0,1,1,3,1,3,2,0,3,0,3,3,0,2,3,0,0,1,0,0,3,2,3,3,2,0,3,3,3,0,2,1,10,3,6,18,1,,7,,0,6,,8,,2,2,2,2,1,2,1,1,,2
1463,2,3,1,1,1,1,1,1,1,1,1,1,1,1,1,0,0,0,0,0,0,0,0,0,0,0,0,4,0,0,1,1,2,0,0,0,0,0,2,0,1,0,0,2,1,0,0,0,1,0,1,0,0,0,0,0,0,0,0,0,0,0,0,0,0,0,0,0,0,2,1,10,3,6,21,1,,7,,0,4,,4,,2,2,2,2,2,2,1,4,,2
3198,4,1,1,1,2,1,1,2,1,1,1,1,1,1,3,0,1,0,0,2,2,1,2,2,2,0,0,3,1,3,3,2,3,1,2,3,1,0,2,0,2,0,3,3,1,1,0,0,3,0,3,0,0,3,3,0,1,0,1,2,0,0,3,0,0,1,0,3,0,2,1,10,3,6,19,1,,7,,0,4,,2,,2,2,2,2,2,2,1,1,,1
2639,4,3,1,2,4,2,1,1,1,2,3,3,2,2,3,0,0,0,0,0,0,0,0,0,0,0,0,2,0,2,1,0,1,0,3,0,1,0,0,0,3,0,1,,0,0,0,3,0,0,3,0,0,0,0,0,1,0,0,0,2,1,1,0,0,2,0,1,0,2,1,10,3,6,19,1,,7,,0,4,,1,,2,2,2,2,1,2,1,1,,1
2767,4,4,4,3,4,4,2,3,3,2,2,4,4,3,4,0,1,1,0,0,0,0,0,0,0,0,0,3,0,2,0,0,1,0,2,0,1,1,0,0,2,1,1,3,0,0,0,1,0,1,2,0,2,1,0,0,1,0,0,2,1,1,0,1,0,1,0,2,0,2,1,10,3,6,,1,,7,,0,4,,1,,2,2,2,2,1,2,3,1,,2
2459,3,3,3,1,2,1,2,1,3,1,3,4,4,2,2,0,0,0,0,0,0,0,0,2,0,0,1,2,0,3,3,0,1,0,2,3,3,0,0,0,2,3,3,3,0,0,0,3,0,0,3,0,0,3,0,0,3,0,0,0,0,0,3,0,0,0,0,0,0,2,1,10,3,6,18,1,,9,"Mixed, Asian Indian and White/Caucasian",0,2,,1,,2,1,2,2,1,2,1,1,,1
2090,4,3,1,2,3,3,2,1,2,3,4,2,3,4,3,1,1,1,0,0,0,0,0,0,0,0,0,4,3,1,2,1,0,1,2,1,2,1,0,0,1,2,1,1,0,1,1,3,1,1,2,1,0,1,0,0,2,1,0,1,1,0,1,1,0,1,0,0,0,2,1,10,3,6,20,1,,7,,0,4,,4,,1,2,2,2,2,2,1,3,,1
2859,1,3,1,1,3,1,1,1,1,1,1,1,1,1,3,0,0,0,0,0,0,1,0,0,0,0,0,4,3,3,3,0,3,0,0,0,3,0,0,0,0,0,3,0,0,3,0,0,1,3,3,0,0,0,0,0,0,0,0,1,0,0,2,3,0,3,0,0,0,0,1,10,3,6,18,1,,"2,4,7",,0,4,,1,,2,2,2,2,1,2,1,1,,2
1418,3,1,1,2,4,1,2,2,3,2,4,4,3,2,2,0,0,0,0,0,0,0,0,0,0,0,0,4,3,1,1,2,0,0,1,0,1,1,1,0,1,0,1,1,0,0,0,1,0,0,2,0,0,0,0,0,1,0,0,1,0,1,1,0,0,0,0,0,0,2,1,10,3,6,18,1,,7,,0,4,,8,none,2,1,2,2,1,1,1,1,,1
1309,3,2,2,1,2,1,1,1,2,2,2,2,2,2,2,0,1,0,0,0,0,0,0,0,0,0,0,3,0,0,0,1,1,3,3,0,1,0,0,2,2,0,1,1,0,3,0,0,0,0,2,0,0,0,0,0,1,0,0,0,3,0,1,0,0,0,0,1,1,2,1,10,3,6,20,2,,9,India ,0,4,,8,Sikh,2,2,2,2,2,2,3,3,,1
2626,3,2,4,1,2,1,3,1,3,3,3,3,3,2,4,1,1,2,0,2,2,0,0,2,0,1,1,3,1,2,1,1,1,0,3,0,2,0,2,0,3,2,2,3,0,1,0,1,0,0,3,0,2,1,0,0,1,0,0,3,1,3,2,0,0,2,1,0,1,2,1,10,3,6,,1,,7,,0,4,,2,,2,1,2,2,2,2,3,2,,1
1876,2,4,4,1,1,1,4,1,1,1,1,2,4,2,3,0,1,1,0,1,0,0,0,1,0,0,1,4,1,0,1,0,2,0,0,0,0,0,0,0,0,0,0,0,0,0,0,0,0,0,0,0,0,0,0,0,0,0,0,0,0,0,0,0,0,0,0,0,0,2,1,10,3,6,19,2,,3,,0,4,,4,,2,2,2,2,2,2,2,1,,1
3004,3,4,1,2,4,2,3,1,2,3,3,3,3,2,3,0,1,1,1,1,2,1,1,0,1,0,0,3,1,2,3,1,2,2,3,1,3,1,2,1,3,1,3,3,2,3,2,1,1,2,2,0,2,3,1,0,3,0,1,3,1,2,3,0,0,3,3,0,1,2,1,10,3,6,20,1,,7,,0,4,,4,,2,1,2,1,1,1,1,3,,1
1740,1,1,1,1,1,1,1,1,1,1,1,1,1,1,3,0,1,0,0,0,0,1,1,1,0,0,0,3,0,0,0,0,0,0,1,0,3,1,1,1,3,0,0,1,0,1,0,3,1,3,2,0,0,2,1,0,1,1,0,2,2,3,0,1,1,1,1,0,2,2,1,10,3,6,19,1,,"2,3",,0,4,,2,,2,2,2,2,2,2,3,2,,1
3016,1,4,1,1,4,1,1,2,1,1,1,1,1,1,1,0,0,0,0,0,0,0,0,0,0,0,0,1,3,1,2,0,1,1,2,2,1,0,2,3,2,1,2,2,1,2,0,1,1,0,3,0,2,1,1,0,1,0,0,3,1,2,1,1,0,1,3,0,1,2,1,10,3,6,18,2,,4,,0,4,,"1,4",,2,2,2,2,1,2,3,1,,2
1891,4,4,3,3,2,3,4,1,1,2,3,4,3,1,4,0,0,0,0,2,2,2,2,2,2,0,2,4,3,3,0,0,2,0,3,0,3,0,0,3,2,2,3,1,0,1,3,0,0,0,3,0,1,0,0,0,3,0,0,0,0,2,3,0,2,2,0,0,0,2,1,10,3,6,21,2,,7,,0,4,,1,,2,2,2,2,2,2,2,4,,2
1745,3,4,1,1,2,4,1,4,2,2,1,3,2,2,4,1,1,1,0,1,2,2,2,2,2,0,0,3,0,3,2,3,2,0,2,3,3,0,0,0,3,3,3,3,3,1,3,3,3,3,3,0,0,3,1,0,3,0,0,3,0,2,3,0,0,3,3,3,3,3,1,10,3,6,18,1,,7,,0,4,,8,None,2,2,2,2,2,2,1,1,,1
1444,2,4,1,1,1,1,2,1,1,1,3,1,4,1,3,0,0,0,0,0,0,0,0,0,0,0,0,3,0,0,0,0,2,0,1,2,3,0,0,0,2,1,1,1,0,1,0,0,0,0,3,0,0,0,0,0,3,0,0,0,3,0,0,0,0,0,0,0,0,2,1,10,3,6,21,2,,"4,7",,0,4,,8,,2,2,2,2,2,2,1,4,,1
2409,4,4,2,1,1,1,2,2,3,1,1,1,4,1,1,0,0,0,0,1,0,0,0,0,0,0,0,1,0,1,0,0,0,0,0,0,0,0,0,0,1,0,2,1,0,0,0,0,0,0,1,0,0,0,0,0,0,0,0,0,0,0,0,0,0,1,0,0,0,2,1,10,2,6,18,2,,7,,0,4,,4,,2,2,2,2,1,1,1,1,,1
1490,3,3,3,3,3,3,3,3,3,3,3,2,2,3,1,0,1,0,0,0,0,0,1,1,0,0,0,3,0,3,1,1,0,3,3,2,2,2,2,2,2,2,3,3,2,1,2,1,3,1,2,3,2,2,1,2,0,0,3,2,2,2,3,3,2,1,1,1,1,2,1,7,2,4,20,1,,2,,0,4,,3,,2,2,,2,2,2,1,3,,2
1088,4,1,2,4,4,4,2,2,2,3,4,4,2,2,2,1,0,0,0,1,1,1,0,0,0,0,0,3,0,2,2,0,1,0,2,1,2,0,2,0,3,1,1,3,2,2,1,3,1,3,3,0,3,1,0,1,2,0,0,2,1,2,1,2,0,1,1,1,1,2,1,10,3,6,18,1,,7,,0,4,,"1,2",,2,2,2,1,2,2,1,1,,1
7300,4,4,1,2,3,1,3,2,3,3,3,4,3,3,4,1,1,1,0,2,0,0,0,0,0,0,0,3,0,1,1,0,2,0,1,1,0,0,2,0,1,1,1,2,1,0,0,0,2,0,0,0,0,0,0,0,1,0,0,0,0,0,2,0,0,1,0,0,0,0,1,10,3,6,19,1,,"2,7",,0,"1,4",,4,,2,2,2,1,1,2,3,1,,1
1694,4,3,1,3,4,1,2,1,1,3,3,3,1,3,4,0,0,0,0,0,0,0,0,0,0,0,0,4,3,3,3,3,3,3,3,3,3,1,3,0,3,3,3,3,3,0,3,3,3,2,3,1,3,3,2,0,3,1,3,3,3,3,3,3,0,3,3,3,3,2,1,10,2,6,20,1,,6,,0,4,,4,,2,2,2,2,2,2,2,2,,1
1818,3,3,3,2,2,2,2,2,2,2,2,2,2,2,2,0,1,0,0,0,0,0,1,0,0,0,1,1,0,1,1,1,1,1,1,1,1,0,1,1,1,2,1,1,0,1,1,1,0,0,2,1,1,1,0,0,1,1,1,1,1,1,2,1,2,1,1,0,2,2,1,10,3,6,18,2,,7,,0,4,,4,,2,1,2,2,1,2,1,1,,1
5239,2,2,2,1,2,1,1,1,1,1,1,1,1,1,1,0,1,1,2,1,0,0,0,0,0,0,0,2,1,0,0,0,0,0,0,1,0,0,0,0,0,0,1,1,0,0,0,0,0,0,1,0,0,0,0,0,1,0,0,0,0,0,0,0,0,0,0,0,0,0,2,8,1,2,18,1,,2,,0,4,,4,,2,2,2,2,2,2,3,2,,2
1810,3,2,2,1,2,1,1,1,1,1,2,1,3,1,1,0,1,0,0,0,0,0,0,0,0,0,0,1,0,2,1,2,2,0,3,1,2,0,2,0,3,0,2,3,1,0,1,2,1,0,2,0,2,0,1,0,1,0,0,2,1,1,2,0,0,1,1,0,0,2,1,10,3,6,18,1,,7,,0,4,,4,,2,2,2,2,2,2,1,1,,1
2040,1,4,3,1,2,1,3,2,3,1,2,1,3,2,4,0,1,0,0,0,0,0,0,0,0,0,0,2,3,1,0,0,1,0,2,0,1,0,0,0,1,0,1,1,0,1,0,2,0,0,2,0,0,0,0,0,0,0,0,0,0,0,0,0,0,0,0,0,0,2,1,10,3,6,18,1,,4,,0,4,,4,,2,2,2,1,1,2,1,1,,1
1211,3,3,3,3,3,3,3,3,3,3,3,2,3,3,4,1,1,1,1,1,1,0,1,1,0,1,1,3,0,1,0,0,0,0,0,0,1,0,0,0,0,0,0,0,1,0,0,0,0,0,0,0,0,0,0,0,1,0,0,0,0,0,0,0,0,1,0,0,0,2,1,10,2,6,19,1,,7,,0,4,,8,Catholic ,2,2,2,2,2,2,2,1,,1
1472,2,4,3,1,1,1,3,2,3,1,2,2,4,2,2,0,0,0,0,0,0,0,0,0,0,0,0,4,3,1,2,1,1,0,2,0,2,0,2,0,3,0,1,2,0,0,0,2,2,2,3,0,0,1,0,1,2,0,0,0,0,1,0,1,0,0,1,1,0,2,1,10,3,6,18,1,,4,,0,4,,,,2,2,2,2,2,2,2,5,"First year at UO, with an AA from high school. ",1
2727,2,4,1,1,1,1,1,1,2,1,1,1,1,1,4,0,0,0,0,0,0,0,0,0,0,0,0,2,1,1,2,0,0,0,0,3,1,3,0,1,1,3,3,0,0,1,1,0,0,0,1,1,1,1,0,0,2,0,0,3,1,0,1,1,1,0,0,0,1,2,1,10,3,6,21,2,,7,,0,2,,1,,2,2,2,2,2,2,1,3,,1
3540,4,4,4,1,1,2,1,4,2,3,3,4,4,2,4,1,1,1,0,0,2,1,2,0,2,,2,3,0,2,0,0,1,1,2,3,1,3,1,0,2,0,3,3,1,3,0,0,2,2,3,0,1,0,1,0,0,1,0,2,0,1,3,3,0,3,1,0,0,2,1,10,3,6,19,1,,7,,0,"2,7",questioning,7,,2,2,2,2,1,2,1,1,,2
1959,3,2,2,3,3,1,1,4,4,1,1,1,1,2,2,1,1,1,0,0,2,2,2,2,2,1,1,3,2,1,0,0,0,0,3,1,0,0,0,0,3,0,0,3,0,0,0,0,2,0,1,0,2,0,0,0,0,0,0,0,0,0,0,0,0,0,0,1,0,2,1,10,3,6,18,1,,4,,0,4,,,,2,2,2,2,2,2,2,1,,1
4071,2,2,1,1,1,1,1,1,1,1,2,1,1,1,1,1,0,0,0,2,1,0,0,0,0,0,0,3,0,2,3,0,3,0,1,0,2,0,0,0,1,1,1,1,0,0,0,1,0,0,1,0,0,0,0,0,1,0,0,0,0,0,0,0,0,0,0,0,0,2,1,10,3,6,19,2,,4,,0,4,,4,,2,2,2,2,2,2,2,1,,1
1211,3,2,2,1,3,1,1,1,1,1,2,2,3,2,1,0,2,0,0,0,2,2,0,2,2,0,1,1,1,2,2,0,0,0,3,0,2,0,1,2,3,1,2,3,0,0,0,2,2,0,3,0,0,0,2,0,1,0,0,0,1,2,0,0,0,1,0,0,0,2,1,10,3,6,18,1,,7,,0,4,,8,no religion,2,2,2,2,1,2,1,1,,2
1348,3,1,1,2,4,1,1,3,3,4,3,3,4,4,3,1,0,1,1,2,1,1,2,0,0,0,0,1,0,2,0,1,1,1,3,3,1,0,3,1,3,2,3,3,1,0,3,1,2,1,2,2,1,0,0,2,1,1,0,3,2,1,3,0,0,3,3,2,2,2,1,10,3,6,18,1,,7,,0,4,,4,,2,2,2,1,1,2,1,1,,1
1641,3,4,3,1,1,1,1,1,3,1,2,1,3,1,4,0,0,0,0,0,0,0,0,0,0,0,1,1,1,1,0,2,0,0,3,0,1,0,0,0,2,0,2,1,0,0,1,0,0,0,3,0,0,0,0,0,0,0,0,0,0,2,0,0,0,0,0,0,0,2,1,10,3,6,18,1,,7,,0,4,,4,,2,2,2,2,2,2,1,1,,2
2172,4,3,2,3,3,1,1,1,1,2,3,1,2,2,2,0,1,1,0,0,0,0,0,0,0,0,0,2,1,0,0,0,0,0,1,0,0,0,3,0,2,0,0,2,0,0,0,0,1,0,0,0,0,0,0,0,0,0,0,0,0,0,1,0,0,2,0,0,0,2,1,10,3,6,18,1,,7,,0,1,,4,,2,2,2,1,1,2,3,1,,1
271838,4,3,3,2,4,1,1,3,4,1,4,4,4,4,3,2,2,2,2,2,2,2,2,2,2,2,2,4,2,2,1,1,3,1,3,2,1,2,2,1,3,1,3,3,2,1,1,1,3,1,3,1,3,3,2,1,2,0,0,2,0,2,3,1,0,3,3,0,1,2,1,10,3,6,18,1,,7,,0,4,,4,,2,2,2,2,2,2,2,1,,1
281326,3,4,1,2,2,1,1,3,1,1,3,2,3,3,3,0,0,0,0,1,1,0,0,1,0,0,0,2,1,2,3,0,0,0,3,1,2,1,2,0,1,1,3,1,3,3,1,1,0,0,2,1,2,2,0,3,1,1,0,3,0,0,1,0,0,1,2,1,0,2,1,10,3,6,18,2,,4,,0,4,,8,,2,2,2,2,1,2,1,1,,2
179979,,,,,,,,,,,,,,,,,,,,,,,,,,,,,,,,,,,,,,,,,,,,,,,,,,,,,,,,,,,,,,,,,,,,,,,,,,,,,,,,,,,,,,,,,,,,,,
273998,4,1,1,1,1,1,1,1,1,1,4,1,1,1,1,0,1,0,1,0,1,0,1,1,0,0,0,3,2,0,2,2,3,0,1,2,1,0,2,2,2,1,3,1,0,0,0,1,1,2,2,0,1,2,2,0,0,0,0,1,2,2,3,0,0,2,2,0,1,1,1,7,2,6,19,1,,4,,0,2,,8,,2,1,2,2,2,2,1,2,,1
3082,4,3,4,1,4,1,3,4,4,2,4,1,2,3,4,2,2,2,2,2,2,2,2,2,2,2,2,4,1,2,3,0,3,3,0,3,3,3,1,0,3,3,3,3,3,3,1,1,1,0,3,0,3,2,3,2,1,2,0,3,0,2,3,1,2,0,3,3,1,2,1,10,3,6,18,2,,4,,0,4,,4,,2,2,2,2,2,2,1,2,,1
15597,3,2,2,2,2,1,1,2,1,2,3,2,2,1,2,0,0,0,0,0,1,1,0,0,0,1,1,4,0,0,1,1,1,0,0,0,1,0,1,0,0,1,2,1,0,0,1,2,0,1,3,0,0,1,0,0,1,0,0,1,1,1,0,0,0,0,1,0,1,2,1,10,3,6,20,1,,2,,0,4,,4,,2,2,2,2,2,2,1,3,,2
4954,3,2,2,1,4,1,1,3,1,1,1,1,1,1,1,2,2,2,2,2,2,2,2,0,2,2,2,4,2,3,3,0,2,0,1,0,2,1,0,3,1,0,3,2,1,1,2,3,3,3,3,3,0,1,1,0,1,3,3,2,2,2,2,3,2,0,2,0,0,2,1,10,3,6,18,1,,3,,0,2,,1,,2,2,2,2,2,2,1,1,,1
2684,3,2,1,1,3,1,3,1,4,1,2,3,2,3,2,1,1,1,1,0,0,0,0,0,0,1,1,1,1,1,1,3,3,0,3,0,1,1,2,1,3,0,2,3,0,2,0,1,0,1,3,0,0,2,0,0,1,0,0,0,1,0,2,0,0,1,0,0,0,2,1,10,3,6,,1,,7,,0,4,,2,,2,2,2,2,2,2,1,5,I am a transfer student holding second-year status.,2
3628,2,1,1,1,2,1,1,3,1,1,1,1,1,1,4,0,0,0,0,0,0,2,0,0,0,0,0,3,1,1,0,0,1,0,2,1,0,0,0,0,1,0,2,2,1,0,0,1,0,1,1,0,0,1,0,0,0,0,0,1,1,1,0,0,0,1,0,1,0,2,1,10,3,6,23,1,,5,,1,4,,,,2,2,2,2,2,2,1,3,,1
62538,3,2,1,1,1,1,1,1,1,1,3,1,1,1,1,0,0,0,0,0,0,0,0,0,0,0,0,1,2,2,2,1,1,1,3,0,3,0,1,2,2,0,3,1,0,0,0,0,0,0,2,1,1,2,0,0,2,1,0,2,0,1,2,0,0,2,1,0,0,2,1,10,3,6,20,1,,"2,7",,0,4,,2,,2,2,2,2,2,2,1,5,Transfer junior,2
1565,3,3,4,1,2,3,,2,3,3,4,3,4,3,2,0,1,1,0,1,0,0,0,0,0,2,2,4,1,3,2,0,3,1,3,2,3,0,3,2,3,2,3,3,2,2,2,2,3,3,3,2,3,2,1,0,3,3,3,3,1,3,3,3,0,2,3,2,2,2,1,10,3,6,18,1,,4,,0,4,,8,Catholic,2,2,2,2,2,2,2,1,,1
3032,3,2,2,1,3,1,3,3,4,3,3,3,3,3,4,1,1,1,0,2,0,0,0,0,0,0,0,3,0,0,1,0,1,1,3,1,1,1,1,1,3,1,3,3,1,2,2,0,2,3,3,0,3,3,2,0,0,0,0,2,2,3,3,2,1,3,1,1,1,2,1,10,3,6,19,5,,"4,7",,0,2,,4,,2,2,2,2,2,2,2,2,,1
2187,4,3,1,2,3,1,2,3,2,2,2,1,2,3,2,1,0,0,0,0,0,0,0,0,0,0,0,4,0,1,2,0,0,0,1,1,2,0,0,0,1,0,3,2,0,1,0,0,0,0,1,0,0,1,0,0,0,0,0,0,0,1,2,1,1,1,0,1,3,2,1,10,3,6,21,2,,"5,7",,0,4,,2,,2,2,1,2,2,2,3,,,1
30,,,,,,,,,,,,,,,,,,,,,,,,,,,,,,,,,,,,,,,,,,,,,,,,,,,,,,,,,,,,,,,,,,,,,,,,,,,,,,,,,,,,,,,,,,,,,,
58219,4,3,3,3,3,3,3,3,3,3,3,3,3,3,3,,,,,,,,,,,,,2,1,3,0,0,3,0,1,0,0,2,1,0,1,3,0,1,0,0,0,3,0,1,3,0,0,0,0,0,2,0,0,0,1,0,1,0,0,0,0,0,0,2,1,10,3,6,20,1,,7,,0,4,,4,,2,1,2,2,2,1,1,3,,1
2172,4,2,1,1,2,1,1,2,2,2,2,1,1,1,3,0,1,0,0,0,0,0,0,0,0,0,0,3,3,0,0,0,1,0,2,2,0,1,0,0,2,0,3,2,0,0,0,3,1,0,1,0,0,1,0,0,1,0,0,0,0,0,1,0,0,0,0,0,0,2,1,10,3,6,18,1,,7,,0,4,,1,,2,2,2,2,1,2,3,1,,1
1995,2,1,1,1,1,1,1,1,1,1,1,1,1,1,1,0,0,0,0,0,0,0,0,0,0,0,0,1,1,1,0,0,0,0,1,0,0,0,0,0,1,0,3,2,0,0,0,0,0,1,1,0,0,0,0,0,0,0,0,1,0,2,1,1,0,0,3,0,0,2,1,10,3,6,18,1,,7,,0,4,,2,,2,2,2,2,2,2,1,1,,2
2553,2,1,3,1,2,1,2,1,1,1,2,1,1,1,1,0,0,0,0,0,0,0,0,0,0,0,0,4,3,0,1,0,0,0,2,0,0,0,0,0,1,1,0,2,0,1,0,1,0,0,1,0,0,0,0,0,1,0,0,0,0,0,0,0,0,0,0,0,0,2,1,10,3,6,19,1,,7,,0,4,,4,,2,1,2,1,1,2,1,1,,2
2372,2,1,1,1,1,1,1,1,1,1,1,1,1,1,1,1,1,1,1,1,1,0,1,0,1,1,1,4,1,1,0,0,1,0,1,0,2,1,1,0,1,0,2,0,0,0,1,1,0,2,3,0,0,3,0,0,3,0,0,0,1,1,1,1,0,0,0,0,0,2,1,10,3,6,20,1,,4,,,2,,1,,2,2,2,2,1,2,1,2,,1
1444,2,4,1,1,1,1,1,3,2,1,1,1,2,1,4,0,0,0,0,0,0,0,0,0,0,0,0,3,0,1,1,1,2,0,3,1,2,0,2,1,2,2,2,2,0,1,1,1,1,0,2,0,1,1,0,0,1,0,0,1,0,3,2,0,1,3,2,0,1,2,1,10,3,6,20,2,,7,,0,4,,1,,2,2,2,2,2,2,1,3,,1
3159,4,4,2,1,2,1,3,1,2,1,3,1,2,3,1,0,1,0,0,2,2,2,2,0,0,0,0,2,1,1,0,0,2,0,0,0,0,0,0,0,0,0,1,2,0,0,0,1,0,0,0,0,0,1,0,0,0,0,0,0,1,0,0,0,0,1,0,0,0,2,1,10,3,6,20,2,,7,,0,4,,4,,2,2,2,2,2,1,3,3,,1
1520,4,3,3,2,3,2,3,2,4,3,3,3,4,3,3,0,1,0,0,0,0,0,0,1,0,0,1,3,2,2,0,2,0,2,1,1,1,1,2,1,3,0,1,2,2,0,1,1,1,0,1,1,1,1,0,0,2,1,0,2,2,1,3,1,0,2,1,2,1,2,1,10,3,6,23,2,,7,,0,3,,1,,2,2,2,2,2,2,2,2,,1
1395,3,3,1,1,2,1,1,1,1,1,2,2,2,2,2,0,0,0,0,2,2,2,2,2,0,0,0,3,1,2,2,0,0,0,1,0,0,0,1,0,1,0,1,2,0,0,0,0,0,0,1,0,2,1,0,0,0,0,0,2,0,0,0,0,0,0,0,0,0,2,1,10,3,4,18,2,,7,,0,4,,4,,2,1,2,2,2,2,2,1,,1
1675,4,3,1,1,3,1,1,1,1,1,4,3,3,4,1,0,0,0,0,2,2,2,2,2,2,0,1,3,2,0,2,2,0,1,3,0,3,1,3,0,3,0,0,2,0,0,0,0,1,0,2,0,1,0,0,0,0,0,0,0,0,0,2,0,0,0,0,0,0,2,1,10,3,6,19,1,,2,,0,4,,3,,2,2,2,2,2,2,1,2,,1
3292,3,3,2,2,2,3,2,2,2,3,2,3,1,2,3,0,0,0,0,0,0,1,0,0,0,0,0,3,1,1,1,1,1,0,3,1,1,2,2,0,3,1,3,3,0,2,1,0,1,1,3,0,0,1,1,0,2,0,0,3,2,1,2,1,0,1,2,2,1,2,1,10,3,6,18,1,,7,,0,4,,8,spiritual,2,2,2,2,1,2,3,1,,1
1825,3,3,3,3,3,3,3,3,3,3,3,3,3,3,3,2,2,2,2,2,2,2,2,2,2,2,2,4,2,0,0,0,0,0,0,0,0,0,0,0,3,0,3,0,1,1,0,0,0,3,2,0,0,0,0,0,0,0,0,2,0,0,3,0,0,0,0,0,0,0,1,10,3,6,21,1,,7,,0,4,,2,,2,2,2,1,2,2,1,4,,1
1506,4,4,4,2,3,1,2,3,2,1,3,2,2,2,2,0,1,1,0,0,0,0,0,0,0,0,0,3,0,1,0,0,0,0,0,0,1,0,1,0,2,0,1,1,0,0,0,0,0,0,2,0,0,0,0,0,0,0,0,1,0,0,0,0,0,0,0,0,0,1,1,10,3,6,18,1,,4,,0,4,,4,,2,2,2,2,1,2,3,1,,1
1538,2,3,2,1,3,1,1,3,1,2,1,2,2,1,4,0,0,0,0,0,0,0,0,0,0,0,0,2,0,2,1,0,2,1,3,0,2,0,1,2,3,0,3,3,2,2,3,1,1,2,3,0,2,2,3,0,3,0,0,1,0,3,3,0,2,3,1,1,3,2,1,10,3,6,18,1,,4,,0,4,,4,,2,2,2,2,2,2,1,1,,1
3802,2,1,2,2,2,1,1,2,3,1,2,1,3,1,2,0,0,0,0,0,0,0,0,0,0,0,0,4,3,1,1,0,0,0,0,0,1,0,0,2,1,0,0,0,0,1,0,0,0,0,2,0,0,1,0,0,0,0,0,1,2,1,0,0,0,0,0,0,0,2,1,10,3,6,18,2,,7,,0,4,,1,,2,2,1,2,1,2,1,1,,1
1004,2,2,1,4,4,3,2,3,3,1,4,1,2,3,3,1,0,0,0,1,0,0,1,0,0,1,1,2,1,2,0,2,0,0,0,0,3,0,0,0,1,0,3,3,0,0,1,2,2,0,2,0,1,0,0,3,2,0,0,2,0,0,2,3,0,0,0,0,0,2,1,10,3,6,19,1,,7,,1,4,,4,,1,2,2,2,2,1,1,1,,2
1647,3,3,1,1,1,1,1,1,1,1,2,1,1,1,1,1,0,1,1,1,1,1,1,1,1,1,1,4,0,0,0,0,0,0,0,0,0,0,0,0,0,0,2,0,0,1,0,0,0,0,0,0,0,0,0,0,0,0,0,1,0,2,0,0,0,0,0,0,0,2,1,10,3,6,20,2,,7,,0,4,,8,Catholic ,2,2,1,2,1,2,1,3,,1
2709,3,2,1,2,3,2,4,3,2,3,3,2,4,2,3,0,0,0,0,0,0,0,0,0,0,0,0,3,0,2,3,0,0,1,3,1,3,3,0,0,3,0,3,3,1,2,0,3,0,0,1,3,1,2,0,0,3,0,0,0,0,2,2,0,0,1,0,1,2,2,1,10,3,6,23,2,,7,,1,1,,,,2,1,2,,2,2,3,3,,1
16121,3,3,2,1,1,1,1,1,1,1,1,1,1,1,1,1,1,1,1,1,0,0,2,1,0,1,1,3,2,1,1,1,0,2,3,0,1,2,1,0,1,1,2,2,1,2,2,0,0,1,3,3,1,1,0,0,1,1,0,0,1,1,1,2,0,1,0,1,1,2,1,8,3,6,18,1,,7,,0,4,,4,,2,2,2,1,1,2,1,1,,1
1582,4,3,1,1,1,1,1,1,1,1,1,1,1,1,1,0,0,0,0,0,0,0,0,0,0,0,0,1,1,0,1,0,0,0,0,0,3,0,2,0,0,0,1,1,0,2,0,2,0,0,3,3,1,1,0,0,1,0,0,2,0,0,1,1,0,1,2,1,0,2,1,10,3,6,18,1,,4,,0,4,,4,,2,2,2,1,2,1,3,1,,1
2936,1,2,1,1,1,1,1,1,3,1,2,1,1,1,1,2,2,2,2,2,2,2,2,2,2,2,2,3,2,0,1,0,0,0,2,0,0,0,0,1,2,2,3,2,0,2,0,0,0,0,3,0,0,0,0,0,0,0,0,0,0,2,3,0,0,2,0,0,0,2,1,10,3,6,19,2,,7,,0,4,,1,,2,2,2,2,2,2,2,1,,1
1268,3,2,1,1,1,1,1,1,1,1,3,1,1,1,1,0,0,0,0,0,0,0,0,0,0,0,0,3,1,0,0,0,0,3,2,0,3,0,0,0,3,0,3,2,0,1,0,3,0,3,3,0,0,0,0,0,1,1,0,0,0,0,3,3,0,0,0,0,0,2,1,10,2,6,20,1,,7,,0,2,,2,,2,2,2,2,2,2,1,2,,1
1858,4,4,2,1,3,1,3,1,2,1,3,3,3,3,3,0,0,0,0,0,0,0,0,0,0,0,0,4,0,1,1,0,1,0,0,3,0,0,1,1,1,1,1,1,0,1,1,,0,0,3,2,0,3,0,0,1,2,1,1,1,0,0,0,0,2,0,1,1,2,1,10,3,6,18,1,,7,,0,4,,8,spiritual ,2,1,2,1,1,2,1,1,,1
3260,2,1,1,1,3,1,1,3,2,2,1,1,1,1,1,1,0,2,0,0,2,2,0,2,0,0,0,4,0,0,0,0,0,0,1,0,2,0,0,1,0,2,0,0,0,1,1,2,0,0,3,1,0,0,0,0,1,1,0,1,0,0,2,0,0,1,2,0,1,2,1,10,3,6,20,2,,7,,0,4,,4,,1,1,1,2,2,2,1,2,,1
1763,3,2,2,1,1,1,2,3,3,2,2,2,3,2,2,1,1,1,0,0,0,0,0,0,0,0,0,3,1,2,2,1,1,0,1,0,1,0,2,0,2,1,2,2,1,0,1,1,2,0,1,0,0,1,0,0,1,0,0,0,1,0,1,0,0,0,0,1,0,2,1,10,3,6,18,1,,7,,0,4,,1,,2,2,2,2,1,2,1,1,,1
3262,3,3,1,1,2,1,1,1,1,1,3,2,3,2,3,0,0,0,0,2,2,2,2,0,0,0,0,3,0,1,0,0,1,0,1,0,0,0,1,0,1,1,1,2,0,0,0,0,0,0,0,0,0,0,0,0,2,0,0,0,1,1,1,0,0,1,0,1,0,2,1,10,3,6,20,1,,7,,0,4,,4,,2,2,2,2,2,2,3,3,,1
1146,3,3,2,3,4,4,2,2,1,2,2,3,3,3,2,0,1,0,0,0,0,0,0,1,1,1,1,4,1,3,3,1,3,3,3,3,3,0,3,3,3,3,3,3,2,3,2,3,3,3,3,3,2,3,3,2,3,3,3,3,3,3,3,3,2,3,3,3,3,3,1,10,3,6,19,1,,7,,0,4,,7,,2,2,2,1,1,2,1,2,,1
1693,1,1,1,1,2,1,1,2,2,1,1,1,1,1,1,0,0,0,2,2,2,0,2,2,2,2,2,3,2,1,1,0,1,0,1,1,1,0,1,0,1,0,1,1,1,0,2,2,0,0,1,0,0,1,0,0,2,0,0,0,1,0,1,0,0,0,0,0,0,2,1,10,3,6,20,1,,7,,0,4,,8,,2,2,2,2,2,2,2,2,,2
1736,3,4,2,2,3,1,2,3,1,1,3,3,2,2,2,0,1,1,0,0,0,1,0,0,0,0,0,3,1,0,0,0,0,0,1,0,1,1,0,0,1,0,1,1,0,2,0,0,1,0,1,1,0,0,0,0,1,0,0,0,0,0,0,0,0,0,0,0,0,2,1,10,3,6,18,1,,7,,0,4,,4,,2,1,2,2,2,1,1,1,,1
2273,3,2,2,3,4,1,2,1,3,3,3,3,4,3,1,2,2,2,2,2,2,2,2,2,2,2,2,3,1,2,2,1,2,0,3,3,3,2,3,0,3,3,3,3,2,0,3,1,2,3,3,0,2,3,1,0,2,0,1,2,1,3,3,3,1,3,2,1,0,2,1,10,3,6,19,1,,7,,0,1,,1,,2,2,2,2,2,2,3,2,,2
858,4,4,4,4,4,4,4,4,4,4,4,4,4,4,4,2,1,1,1,1,1,1,1,1,1,1,1,4,0,3,3,3,3,0,3,3,3,,3,3,3,3,3,3,3,0,3,3,0,0,3,0,0,3,0,0,3,0,0,3,3,3,3,3,0,3,3,3,0,3,1,10,3,6,18,1,,7,,0,2,,,,2,2,2,1,1,2,1,1,,1
1398,3,2,1,1,2,2,1,1,1,1,2,2,1,2,1,0,0,0,0,0,0,0,0,0,0,0,0,2,2,3,3,3,3,2,3,2,3,3,3,1,3,1,3,3,2,2,3,3,3,0,3,2,2,3,1,0,3,0,0,2,1,3,3,2,0,2,3,2,0,2,1,10,3,6,21,1,,7,,0,4,,2,,,2,2,2,2,2,3,3,,1
6187,3,3,3,2,3,1,4,3,3,2,3,4,3,3,4,1,0,1,1,2,2,1,0,2,2,1,1,3,1,3,3,0,0,0,1,1,3,0,0,1,1,3,2,1,2,0,1,1,0,0,3,0,1,2,0,0,2,0,0,1,1,1,1,0,0,1,0,1,0,2,1,10,3,6,20,1,,2,,0,5,,3,,1,2,2,2,2,2,1,4,,1
1107,2,2,1,1,1,1,1,2,2,2,2,2,2,2,2,2,1,1,2,2,2,2,2,2,2,1,1,4,3,1,0,1,0,0,3,0,1,0,1,0,1,0,0,0,0,0,0,0,1,0,0,0,0,0,0,0,2,0,0,0,2,0,0,0,0,0,0,0,0,0,1,7,2,3,21,1,,2,,1,2,,8,,2,2,2,2,2,2,1,3,,2
1268,3,3,2,2,3,2,3,1,2,1,4,3,2,2,3,0,1,0,0,1,0,0,0,0,0,0,0,2,3,2,3,0,2,0,3,2,3,2,1,0,3,0,3,2,0,2,0,0,0,0,3,0,0,1,0,0,3,0,0,1,0,1,2,1,0,2,1,1,0,2,1,10,3,6,19,1,,7,,0,4,,4,,2,1,2,1,1,2,3,1,,1
1763,2,4,1,1,1,1,2,1,1,1,1,1,1,1,4,2,2,0,1,0,0,0,0,2,0,0,2,2,1,0,1,0,0,0,0,1,1,0,0,1,0,0,0,0,0,1,2,0,0,0,0,0,0,1,0,3,1,0,0,0,0,0,0,0,0,1,0,0,0,2,1,10,3,6,20,2,,7,,0,4,,1,,2,1,2,2,2,1,1,3,,1
1885,1,4,1,1,1,1,1,2,1,1,3,1,1,1,1,1,0,0,0,0,0,1,0,0,0,0,0,3,0,2,3,0,1,0,2,0,3,0,3,1,3,1,3,3,1,0,2,3,2,2,3,0,3,1,3,0,3,0,0,1,3,3,3,0,0,1,1,1,1,2,1,10,3,6,19,1,,3,,0,4,,1,,2,2,2,2,1,2,1,1,,2
3320,3,3,1,1,1,1,1,3,1,1,1,1,1,1,1,0,0,1,0,0,0,0,0,0,0,0,0,3,2,3,0,0,0,0,2,0,1,0,0,0,1,0,2,1,1,2,0,0,0,0,2,0,0,0,0,0,2,0,0,0,1,0,1,0,0,1,0,1,0,2,1,10,3,6,22,1,,7,,0,4,,4,,2,2,2,2,2,2,1,4,,1
2474,3,2,1,1,1,1,1,1,1,2,4,3,1,2,3,2,1,1,1,2,1,1,0,0,0,1,1,2,2,3,2,0,1,0,0,0,0,0,0,0,0,0,3,0,3,0,0,0,1,0,3,0,0,0,0,0,3,0,1,0,0,0,0,0,0,0,0,1,0,2,1,10,3,6,24,1,,2,,1,4,,4,,2,2,2,2,2,2,2,4,,2
3569,3,3,2,3,4,4,2,1,4,4,4,3,4,4,4,1,0,1,0,2,0,0,0,0,0,0,1,4,2,3,0,2,2,0,3,3,2,0,3,3,3,3,3,2,1,3,0,0,2,1,1,2,0,3,0,1,3,1,0,3,1,2,3,3,0,2,3,0,2,2,1,10,3,6,21,1,,"1,3,4",,0,2,,4,,2,2,2,2,1,2,1,5,Transfer student/Sophomore,2
1538,2,4,4,2,3,1,1,2,3,2,2,2,3,2,2,1,0,0,0,0,0,1,0,0,0,0,0,4,3,2,0,0,1,0,0,0,1,0,0,0,1,0,2,1,2,0,0,2,0,0,1,0,0,1,0,0,1,0,0,1,2,2,2,0,0,0,0,0,0,2,1,10,3,6,19,1,,7,,0,4,,4,,2,1,2,1,1,2,1,2,,1
1928,3,4,3,1,2,3,1,3,1,3,3,2,3,1,3,0,1,0,0,0,0,0,0,0,0,0,0,1,0,0,3,0,1,0,2,3,2,0,1,0,1,0,3,2,0,0,0,0,0,1,2,0,0,1,3,0,2,0,0,2,1,2,0,0,0,1,2,0,0,2,1,10,3,6,18,"5,6",,7,,0,2,,8,Wiccan,2,2,2,2,1,2,3,1,,2
1186,3,2,2,1,4,1,1,1,2,3,3,4,3,3,3,0,0,0,0,1,0,0,0,0,0,0,0,4,1,1,3,1,0,0,3,1,2,0,3,2,3,3,3,3,0,0,2,0,3,,3,0,2,2,,0,2,0,1,3,0,3,3,0,0,2,3,2,0,2,1,10,3,6,19,1,,7,,0,4,,2,,2,2,2,1,2,2,1,2,,1
2426,4,1,1,1,1,1,1,3,1,1,3,2,3,1,4,0,1,1,2,0,0,0,0,1,1,1,1,4,1,2,0,2,0,0,3,0,0,0,0,0,2,0,2,3,1,1,0,3,0,0,1,0,0,0,0,0,1,0,0,0,0,1,2,0,0,1,1,0,2,1,1,10,3,6,19,2,,4,,0,4,,8,Catholic ,2,1,2,2,1,2,1,1,,1
4093,1,2,3,1,2,1,3,2,3,2,1,2,1,2,4,1,0,1,1,0,1,2,0,1,0,1,0,3,1,3,0,0,2,0,0,0,0,0,0,0,0,0,1,0,1,0,1,1,0,0,1,0,0,0,0,0,1,0,0,0,0,0,0,0,0,0,0,0,0,2,1,10,4,2,18,"1,6",,8,,0,1,,4,,2,2,2,2,2,2,2,1,,2
3350,4,3,2,2,3,2,3,3,4,3,2,3,3,1,4,0,0,0,1,0,2,0,0,0,0,0,0,2,1,3,1,2,3,0,3,2,2,0,1,0,2,0,3,3,2,0,0,1,3,0,3,1,0,1,0,0,2,0,0,0,2,0,2,0,0,3,2,0,0,2,1,10,3,6,,1,,"3,7",,0,4,,1,,2,2,2,2,2,2,1,1,,1
5737,3,3,2,1,2,1,2,1,2,1,3,3,2,2,3,0,0,0,0,2,2,2,2,2,2,2,2,2,1,1,2,0,1,0,2,2,3,0,0,0,2,1,1,1,1,1,1,2,1,1,2,0,1,2,0,1,2,0,1,1,1,0,2,1,0,2,0,1,1,2,1,10,3,6,18,1,,2,,0,"1,7",pansexual,,,2,2,2,2,2,2,1,1,,2
1519,2,3,1,3,4,1,1,1,,2,3,3,2,1,2,1,2,2,2,1,1,1,0,2,2,0,0,1,2,1,2,3,3,2,1,0,3,3,3,0,2,0,3,3,1,2,0,2,2,0,3,3,1,2,1,0,2,3,0,3,3,1,2,0,0,0,1,1,0,2,1,10,3,6,23,1,,7,,0,7,Pansexual,8,Pagan,2,2,2,2,2,2,1,3,,2
2466,4,3,1,3,3,3,1,1,2,2,2,2,2,2,1,0,0,0,0,0,0,0,0,0,0,0,0,2,2,0,2,0,1,0,3,1,2,1,1,0,1,3,1,1,1,1,1,2,0,2,2,0,1,0,1,0,2,0,0,0,1,1,2,1,1,1,0,1,0,2,1,10,3,6,25,1,,7,,0,2,,1,,2,2,2,2,2,2,1,3,,1
1740,2,2,2,1,1,1,1,3,1,1,4,1,1,1,4,1,1,1,0,0,0,2,0,0,0,0,0,3,0,3,2,0,3,0,2,3,3,0,3,3,2,2,3,2,3,0,3,0,1,0,3,0,1,2,0,0,0,0,3,2,0,1,3,0,0,3,3,3,3,2,1,10,3,6,18,1,,4,,0,4,,4,,2,2,2,2,1,2,1,1,,1
1971,2,3,1,1,1,1,1,1,1,1,1,1,3,1,1,0,1,0,0,2,2,0,2,0,0,0,0,1,0,0,3,1,2,0,3,2,3,1,1,0,3,0,3,3,0,0,1,1,3,2,3,0,3,1,1,0,1,0,0,1,0,2,1,0,0,1,0,0,0,2,1,10,3,6,18,1,,2,,0,4,,8,catholic,2,2,2,2,1,2,1,1,,2
1637,1,4,1,1,2,1,1,3,2,1,1,2,2,2,3,0,0,0,0,0,0,0,0,0,0,0,0,3,3,1,2,1,0,0,2,0,3,1,0,0,1,0,2,2,0,0,0,0,0,1,2,0,0,0,0,0,1,0,0,1,1,2,2,0,0,1,0,0,0,2,1,10,3,6,19,1,,"4,7",,0,7,Pansexual,1,,2,2,2,2,1,1,1,1,,2
1936,3,2,4,1,4,1,2,1,3,1,4,4,4,4,4,0,0,0,0,0,0,0,0,0,0,0,1,4,1,0,2,0,1,1,3,0,3,2,1,0,3,0,2,3,0,1,0,0,0,,1,1,2,2,0,0,0,0,0,0,3,1,1,2,0,1,3,0,1,2,1,10,3,6,,1,,7,,0,4,,4,,2,1,2,2,2,2,1,2,,1
1309,3,3,2,1,2,1,2,2,2,2,2,2,1,1,2,0,0,0,0,0,0,0,0,0,0,0,0,4,3,3,0,0,1,0,1,0,1,0,1,0,2,0,1,1,1,0,0,1,1,0,2,0,1,0,0,0,1,0,0,1,0,1,1,0,0,1,0,1,0,2,1,10,3,6,20,1,,3,,0,4,,4,,2,2,2,2,2,2,1,3,,1
1624,3,4,1,1,1,1,1,1,1,1,3,1,1,1,2,0,0,0,0,0,0,0,0,0,0,0,0,3,0,1,3,0,0,0,1,0,2,0,0,0,1,0,1,0,0,0,1,1,0,0,3,0,0,0,0,0,2,0,0,0,0,1,1,0,0,0,0,0,0,2,1,10,3,6,22,1,,7,,0,4,,1,,2,2,2,2,2,2,1,2,,1
3130,2,1,1,1,1,1,3,3,1,1,1,1,1,1,4,0,1,0,0,0,0,2,0,0,2,2,2,2,0,1,3,1,1,0,1,0,2,1,1,0,2,0,2,2,0,3,0,0,0,0,3,0,2,1,0,1,0,0,0,2,2,1,2,0,0,1,0,0,1,2,1,10,3,6,19,2,,7,,0,4,,8,,2,1,2,2,2,2,1,2,,2
1822,3,4,3,1,3,1,1,1,2,1,1,2,2,1,2,2,2,2,2,2,2,2,2,2,2,2,2,4,2,2,3,0,1,1,3,1,2,1,0,1,3,0,1,3,0,0,2,0,0,1,3,1,2,0,1,0,0,2,0,0,3,2,3,0,2,2,1,1,0,2,1,10,3,6,20,1,,7,,0,5,,2,,2,1,2,2,2,2,1,3,,2
2420,4,4,2,4,4,3,2,3,3,4,4,3,3,3,4,0,0,0,1,0,1,0,1,1,1,1,0,4,1,3,1,1,3,2,3,1,0,3,3,1,3,0,3,3,3,2,2,1,2,2,3,3,1,1,3,0,0,2,0,3,0,3,3,3,0,3,3,3,1,2,1,10,3,6,18,1,,7,,0,2,,2,,2,2,2,2,1,1,3,1,,1
1344,3,1,4,1,1,1,1,4,4,2,3,3,4,3,4,0,1,0,0,0,0,1,0,0,0,0,0,2,0,3,2,2,1,0,3,0,3,0,1,0,3,0,2,3,1,0,0,1,0,0,3,0,0,3,0,0,3,0,1,3,2,1,1,0,0,1,1,2,0,2,1,10,3,6,18,1,,7,,0,4,,1,,2,2,2,2,1,2,3,1,,1
1776,4,3,2,2,2,1,2,2,2,2,3,3,2,1,2,1,0,0,0,2,2,2,2,0,2,0,0,3,0,2,1,1,1,0,1,0,3,0,1,0,3,1,1,3,1,2,2,2,1,0,2,0,2,1,2,0,3,0,0,3,1,3,3,0,1,2,1,1,1,2,1,10,3,6,19,2,,7,,0,4,,2,,2,2,2,2,2,2,1,3,,1
2194,4,4,1,1,2,1,1,1,3,1,4,1,3,3,2,0,0,0,0,0,0,0,0,0,0,0,0,4,0,0,0,0,0,0,0,0,0,2,1,0,3,0,0,1,1,3,0,0,0,0,3,0,1,1,0,1,0,0,0,0,0,1,0,3,0,0,0,0,1,2,1,10,3,6,18,2,,7,,0,2,,1,,2,2,2,2,1,2,1,1,,2
2205,2,4,2,1,2,1,1,1,1,1,2,1,1,1,2,0,0,1,0,0,0,0,0,0,0,0,0,3,0,0,0,0,0,0,0,0,0,0,0,0,1,0,0,1,0,0,1,0,0,0,1,0,0,0,0,0,0,0,0,0,0,0,0,0,0,0,0,0,0,2,1,10,3,6,18,2,,7,,0,4,,4,,2,2,2,2,1,2,3,1,,2
4025,3,2,3,1,2,2,2,3,2,3,3,3,3,3,4,0,1,0,0,0,0,1,0,0,0,0,0,1,0,2,1,0,2,0,1,0,1,1,1,0,1,1,2,1,2,1,0,2,0,1,2,1,0,1,0,0,1,1,0,1,1,0,1,0,0,0,1,0,1,2,1,10,3,6,18,1,,7,,0,2,,7,,2,2,2,2,1,1,1,1,,1
2178,3,2,1,2,2,1,2,1,2,1,1,1,2,1,2,0,0,0,0,0,0,0,0,0,0,0,0,3,0,1,0,0,0,0,3,2,2,0,2,1,2,0,2,1,0,2,0,0,3,0,1,0,0,2,0,0,1,1,0,2,1,0,2,0,0,1,0,0,2,2,1,10,2,6,18,1,,2,,0,7,straight,4,,2,2,2,2,2,2,2,1,,1
1349,2,3,3,1,2,1,2,1,1,1,1,2,4,1,3,0,0,0,0,0,0,0,0,0,0,0,1,3,1,1,1,0,2,0,2,0,1,0,0,0,2,1,2,2,1,1,0,0,0,0,3,0,1,0,0,0,1,0,0,1,0,1,1,0,0,2,0,1,1,2,1,10,3,6,20,1,,7,,0,4,,4,,2,2,2,2,2,2,1,3,,1
145232,4,3,2,2,3,1,2,4,2,2,1,4,3,1,3,0,0,1,2,2,2,2,2,2,0,1,0,1,1,1,0,0,3,0,3,0,1,0,2,0,3,0,3,3,1,0,0,2,0,2,1,0,0,1,0,1,2,0,0,2,0,3,2,3,0,0,3,1,0,2,1,10,3,6,19,1,,7,,0,2,,1,,2,2,2,1,1,1,1,1,,1
3802,1,4,1,1,1,1,1,1,1,1,1,1,1,1,1,0,1,1,0,0,0,1,0,2,2,1,1,4,2,0,0,2,0,0,0,0,0,0,0,0,2,1,3,2,0,0,0,3,0,1,3,0,0,2,0,0,3,0,0,0,0,0,0,0,0,0,1,0,0,1,1,10,2,6,20,1,,3,,0,4,,1,,2,2,2,2,2,2,1,2,,1
2086,3,3,1,1,1,1,1,2,1,1,2,2,1,1,4,0,0,0,0,2,2,1,2,0,1,0,0,3,2,3,3,0,3,0,3,1,3,0,2,2,3,0,2,3,0,1,0,3,0,0,3,1,1,3,1,0,3,1,0,3,0,3,3,0,0,3,3,0,1,2,1,10,3,6,19,1,,7,,0,4,,2,,2,2,2,1,1,2,3,2,,1
2936,2,3,1,1,3,1,1,3,4,1,4,1,2,1,4,0,1,1,0,0,0,0,0,0,0,0,0,3,2,1,3,0,1,0,2,2,3,0,0,0,3,0,1,2,0,0,0,1,0,0,3,0,2,1,0,0,3,0,0,2,1,2,1,0,0,1,1,0,1,2,1,10,3,6,18,1,,7,,0,4,,8,Im unsure,2,1,2,2,1,2,3,5,I am a freshman but in sophomore standing with all of my credits,2
11203,1,2,1,2,2,2,1,2,2,,1,2,1,1,2,0,0,1,0,2,1,0,1,0,1,1,0,3,1,1,2,2,2,1,1,0,2,1,0,0,2,2,1,1,1,3,2,1,0,0,2,1,1,1,1,3,1,2,0,1,1,2,1,3,1,1,1,1,1,2,1,8,3,6,20,2,,2,,1,1,,4,,2,2,1,2,2,1,1,3,,1
3364,2,3,1,2,3,1,1,1,1,1,3,1,1,1,1,1,1,1,1,2,2,2,2,2,2,1,1,4,1,1,2,1,2,0,2,1,1,0,0,0,2,0,1,3,1,2,0,1,0,1,3,1,0,1,0,0,0,1,0,0,0,3,1,0,0,3,2,1,0,2,1,10,3,6,19,1,,4,,0,4,,1,,2,2,2,2,2,2,1,3,,1
2257,3,3,2,1,1,1,2,2,2,1,2,1,3,1,2,0,0,0,0,0,0,0,0,0,0,0,0,4,3,0,1,0,1,0,2,0,2,0,0,0,2,0,2,2,0,2,0,0,0,0,1,0,0,0,0,0,0,0,0,0,0,1,1,0,0,0,0,0,1,2,1,10,3,6,21,1,,7,,0,4,,,,2,1,2,1,2,2,1,4,,1
1742,4,4,3,2,4,4,3,3,1,4,4,4,4,3,4,0,1,1,0,0,0,1,1,2,2,2,1,3,3,3,3,0,1,1,3,3,3,3,1,0,3,2,3,3,1,2,0,3,0,0,3,1,1,2,1,3,3,1,0,3,3,3,3,3,0,3,3,0,2,2,1,10,3,6,18,2,,3,,0,4,,1,,2,2,2,2,1,2,1,1,,1
2041,3,3,2,2,3,1,2,3,3,2,2,2,2,2,2,0,1,1,0,0,0,0,0,0,0,0,0,4,0,0,3,1,0,1,2,0,2,1,1,0,3,1,2,3,0,2,1,0,2,3,3,0,1,0,0,0,2,0,0,1,0,1,2,0,0,1,1,0,0,2,1,10,3,6,20,1,,"4,7",,0,4,,4,,1,2,2,2,2,2,1,3,,1
1495,3,3,3,2,2,2,2,1,2,1,3,3,2,1,1,0,0,0,0,0,0,0,0,0,0,0,0,4,0,1,1,0,0,0,2,0,1,0,0,0,1,0,1,0,0,1,0,0,0,0,1,0,0,0,0,0,1,0,0,0,0,0,1,0,0,0,0,0,0,2,1,10,3,6,22,1,,7,,0,4,,4,,2,2,2,2,2,2,3,4,,1
2248,3,1,1,2,3,1,1,2,2,1,3,3,1,3,4,0,1,1,1,1,0,0,0,0,0,1,0,3,2,0,0,3,0,1,3,3,2,0,1,0,3,0,3,3,3,2,1,3,0,2,1,1,2,1,1,0,0,0,1,0,0,0,1,3,0,2,0,0,2,2,1,10,3,6,19,1,,7,,0,7,pansexual ,7,,2,2,2,2,2,2,1,2,,1
1801,2,4,3,1,2,1,2,1,1,1,3,1,2,1,2,0,0,1,0,1,0,0,0,0,0,0,0,1,1,1,1,2,1,1,2,1,2,0,2,2,2,1,3,3,0,1,1,0,3,1,2,1,2,1,3,1,1,1,0,2,1,1,2,1,1,2,3,0,2,2,1,10,3,6,18,1,,7,,0,2,,"1,2",,2,2,2,2,1,2,1,1,,2
2239,4,3,3,4,4,1,2,1,1,1,2,2,3,2,2,1,0,1,0,1,0,0,0,0,0,1,1,4,1,3,3,0,0,0,0,3,0,0,3,0,2,0,3,3,0,0,0,0,2,0,3,0,0,0,0,0,0,0,0,3,0,0,2,0,0,0,0,0,0,0,1,10,3,6,18,1,,2,,0,4,,8,,2,2,2,2,2,2,1,1,,1
1602,4,3,3,3,4,1,3,2,4,2,2,4,2,2,4,1,1,1,1,2,2,2,2,2,2,2,2,2,1,3,3,0,3,0,3,0,3,0,1,0,3,1,3,3,1,0,1,1,0,0,3,0,0,0,0,0,2,0,0,0,3,3,0,0,0,0,0,0,0,2,1,10,3,6,18,1,,"3,7",,0,4,,2,,2,2,2,2,1,2,1,1,,1
2230,4,2,2,1,3,1,1,1,1,1,3,3,2,2,2,0,0,1,0,0,0,0,0,0,0,0,1,3,2,1,0,0,1,3,3,1,0,1,3,2,2,2,3,2,1,3,3,0,2,0,1,3,3,3,2,0,1,3,0,2,2,3,3,2,0,2,2,0,2,2,1,10,3,6,21,1,,7,,0,2,,1,,2,2,2,2,2,2,1,5,"Third year student, but graduating in Spring (senior)",1
2459,3,3,2,1,2,1,2,2,2,3,3,2,3,2,2,0,0,1,1,1,1,0,0,0,0,0,0,1,3,1,3,0,3,1,2,0,3,3,3,0,2,1,1,2,1,3,3,3,3,0,3,0,1,1,0,0,3,3,1,2,2,1,2,3,0,3,3,0,3,2,1,10,3,6,19,1,,7,,0,2,,1,,2,2,2,2,1,2,1,1,,1
2134,4,1,1,1,1,1,1,1,1,1,4,3,2,2,4,0,0,0,0,0,0,0,0,0,0,0,0,4,2,2,0,0,2,2,3,3,0,3,3,0,3,0,2,3,2,3,0,3,0,0,1,2,0,3,0,3,3,2,0,0,2,0,2,0,3,3,0,1,0,2,1,10,3,6,20,2,,3,,0,4,,3,,2,2,2,2,2,2,1,3,,2
603,3,3,3,3,3,3,3,3,3,3,1,1,1,1,1,2,2,2,2,2,2,2,2,2,2,2,2,3,0,0,0,0,0,0,0,0,0,0,0,0,0,0,0,0,0,3,0,0,0,0,0,0,0,0,0,0,0,0,0,0,0,0,0,0,0,0,0,0,0,0,1,7,3,6,19,2,,7,,0,4,,"4,8",God believer,2,2,2,2,2,2,2,2,,1
1460,1,2,1,2,2,1,2,2,2,1,1,2,2,2,4,0,0,0,0,0,0,2,0,0,0,0,0,3,0,1,2,3,1,0,1,1,2,2,1,0,3,0,2,1,0,0,1,2,0,1,2,0,1,1,0,0,3,0,0,1,0,1,2,2,0,1,2,0,0,2,1,10,3,6,18,1,,7,,0,"2,4",,1,,2,2,2,2,1,2,3,1,,2
2980,2,1,1,1,1,1,1,1,1,1,1,1,1,1,1,0,0,0,2,0,0,0,2,2,2,0,0,3,0,0,0,0,0,0,0,0,1,0,0,0,1,0,3,1,0,0,0,0,0,0,2,0,0,3,0,0,2,0,3,0,0,0,0,0,0,0,0,0,0,2,1,10,3,6,20,1,,1,,0,7,Pansexual,,,2,2,2,2,2,2,1,2,,1
1781,3,2,3,2,3,1,2,1,3,3,3,3,3,2,2,0,2,0,0,1,2,2,0,2,0,0,2,2,1,1,1,1,0,0,2,1,3,1,1,1,2,0,2,2,1,0,0,2,1,1,2,0,1,0,0,0,2,1,0,1,2,1,1,0,0,2,2,0,0,2,1,10,3,6,,1,,7,,0,4,,2,,2,2,2,2,1,2,1,1,,1
5273,4,4,4,1,3,1,2,1,2,2,4,1,2,3,1,0,0,0,0,0,0,0,0,0,0,0,0,4,1,1,0,0,0,0,3,1,0,0,0,0,1,0,3,0,0,0,0,0,0,0,1,0,0,0,0,0,0,0,0,0,1,0,0,0,0,0,0,0,0,2,1,10,3,6,20,2,,3,,0,4,,6,,2,2,2,2,1,2,1,3,,1
320,2,2,2,3,2,2,2,3,2,2,2,3,3,2,3,1,0,0,0,0,0,0,1,1,0,0,1,3,1,1,2,1,2,1,2,0,2,1,0,1,1,2,1,2,2,2,1,2,2,1,2,1,2,1,2,1,1,1,2,1,2,2,1,2,1,2,1,1,1,2,2,9,3,4,23,2,,2,,1,1,,3,,2,2,2,2,2,2,2,4,,2
2025,3,2,2,1,2,1,2,1,2,2,2,2,1,1,2,0,1,1,0,0,0,1,0,0,2,0,0,3,0,0,0,0,0,0,1,1,0,0,1,0,2,0,0,1,0,0,0,0,0,0,0,0,0,0,0,0,0,0,0,1,0,0,0,0,0,0,0,0,0,0,1,10,2,6,19,2,,2,,1,4,,1,,2,1,2,2,2,2,2,2,,2
3553,1,1,1,1,1,1,1,1,1,1,1,1,1,1,1,0,0,0,0,0,0,0,0,0,0,0,0,3,0,0,0,0,0,0,3,0,1,0,0,0,0,0,0,0,0,1,0,1,0,0,0,0,0,0,0,0,1,0,0,0,0,0,0,0,0,0,0,0,0,2,1,10,3,6,28,2,,7,,0,4,,1,,2,2,2,2,2,2,1,3,,2
1932,2,1,1,1,1,1,1,1,3,1,1,2,4,1,1,0,1,0,0,0,0,0,0,0,0,0,0,3,3,1,0,0,0,0,0,0,0,0,0,0,0,0,2,1,0,0,0,1,0,0,1,0,0,0,0,0,1,0,0,0,0,0,1,0,0,0,0,0,0,2,1,10,3,6,19,1,,7,,0,4,,4,,2,2,2,2,1,2,3,1,,1
2721,3,3,1,2,3,1,2,1,4,2,2,1,2,1,2,0,1,0,0,0,0,0,0,0,0,0,0,4,1,0,1,0,0,0,2,1,0,0,0,0,0,1,0,1,1,1,0,1,0,0,1,0,0,1,0,0,2,0,0,0,3,0,1,1,0,0,0,0,0,0,2,7,3,6,20,1,,7,,0,4,,8,Greek Orthodox ,2,2,2,1,2,2,1,3,,1
2636,2,2,4,1,3,1,1,1,1,1,4,1,2,1,4,0,1,1,0,0,0,0,0,0,1,0,0,2,2,0,0,0,0,0,0,0,1,0,0,0,1,0,0,1,0,0,0,0,0,0,0,0,0,0,0,0,0,0,0,0,0,0,0,0,0,0,0,0,0,2,1,10,3,6,18,1,,2,,0,4,,5,,2,2,2,2,2,2,2,1,,2
1535,3,2,1,2,4,3,3,2,4,2,4,4,3,2,3,2,2,2,0,2,0,0,2,2,2,1,2,1,1,3,3,1,2,0,3,2,1,0,3,1,2,2,3,3,3,2,1,0,2,1,3,0,0,2,1,0,1,0,1,1,2,3,2,0,0,2,2,1,1,2,1,10,3,6,21,"1,6",,"6,7",,0,"2,6",,"2,3",,2,2,2,2,2,2,2,5,A transfer second year student,2
2603,4,3,3,3,3,2,2,2,3,2,3,2,3,3,2,0,0,0,2,0,0,1,0,0,0,0,0,3,1,2,0,1,1,1,1,1,2,2,0,0,1,0,2,2,0,1,1,0,0,1,0,1,0,0,0,0,1,2,1,1,0,1,0,1,0,1,0,0,0,2,1,10,3,6,19,1,,7,,0,4,,8,none,2,1,2,2,2,2,1,2,,1
1008,2,2,2,2,2,2,2,2,2,2,2,2,2,2,2,0,0,0,0,0,0,0,0,0,0,0,0,2,0,0,0,0,0,0,0,0,0,0,0,0,0,0,0,0,0,0,0,0,0,0,0,0,0,0,0,0,0,0,0,0,0,0,0,0,0,0,0,0,0,0,1,7,1,1,19,1,,7,,,4,,4,,1,2,2,1,2,2,1,2,,1
1964,2,2,1,1,1,1,2,1,1,1,1,1,1,1,2,0,0,0,0,0,2,2,2,2,2,2,2,2,1,1,2,0,0,0,1,0,1,0,0,0,1,0,1,2,0,0,0,0,0,0,1,0,0,0,1,0,0,0,0,0,0,0,0,0,0,0,0,0,0,2,1,10,3,6,20,1,,4,,0,4,,8,,2,2,2,2,2,2,2,2,,2
1413,1,1,1,1,1,1,1,1,1,1,1,1,1,1,1,2,2,2,2,2,2,0,0,0,0,0,0,2,1,1,0,0,0,0,1,0,1,0,0,0,1,0,0,0,0,0,0,0,0,0,1,0,0,0,0,0,0,0,0,0,0,0,0,0,0,0,0,0,0,2,1,10,3,6,19,1,,7,,0,4,,4,,1,2,2,2,2,2,3,2,,1
2313,4,4,3,4,4,1,2,3,3,4,4,4,3,3,4,0,0,0,0,1,0,0,0,0,0,0,0,1,3,3,0,2,3,0,2,1,2,1,3,0,3,3,3,3,3,0,0,3,2,3,3,0,1,1,1,0,2,0,2,3,1,3,3,1,0,3,2,2,0,2,1,10,3,6,19,1,,7,,0,4,,1,,2,2,2,2,1,2,3,1,,1
4851,3,4,1,1,1,1,1,1,1,1,1,1,2,1,3,0,1,1,0,0,0,0,0,,0,0,0,3,0,0,1,0,0,0,1,3,1,0,0,3,0,0,2,0,0,1,0,3,0,0,0,3,0,0,0,0,1,0,1,1,1,3,0,0,0,0,1,0,0,2,3,10,3,6,18,2,,4,,0,4,,1,,2,2,2,2,1,2,1,1,,2
1472,4,2,3,3,2,2,1,1,2,3,4,3,3,3,3,0,0,0,0,0,0,0,0,0,0,0,0,2,2,3,3,0,1,0,3,3,3,0,3,0,3,2,3,3,0,0,1,3,0,2,3,0,2,3,0,0,3,0,0,3,1,3,3,0,0,2,3,1,1,2,1,10,3,6,20,1,,7,,0,4,,2,,2,2,2,2,2,2,2,3,,1
1387,1,1,2,1,2,1,3,1,3,2,1,3,4,2,1,1,1,0,0,0,2,0,2,0,0,0,0,2,1,0,0,0,1,0,2,0,0,2,1,0,3,0,2,2,0,1,2,2,1,0,1,0,1,0,0,0,0,0,0,0,0,1,1,0,0,3,0,0,0,2,1,11,3,6,19,2,,7,,0,4,,2,,2,2,2,2,2,2,1,2,,2
1345,3,2,2,1,2,1,2,1,1,1,3,2,3,2,3,0,0,0,0,0,0,2,0,0,0,2,0,3,1,0,0,0,0,0,3,0,0,0,1,0,3,0,0,1,0,3,0,0,0,0,0,0,1,0,0,0,0,0,,2,1,0,0,0,0,0,0,0,0,2,1,10,3,6,21,2,,7,,0,4,,1,,2,2,2,2,2,2,1,2,,1
2997,3,3,3,4,4,2,3,4,3,4,4,4,4,3,3,1,1,1,1,1,1,1,0,0,0,0,0,3,1,1,3,2,2,1,2,2,2,0,2,2,2,2,3,3,1,3,1,2,1,2,2,0,1,3,1,0,1,0,0,2,2,1,3,1,0,1,2,1,0,2,1,10,3,6,20,1,,7,,0,2,,2,,2,2,2,2,2,2,1,2,,2
2613,4,2,2,3,3,1,1,1,4,3,4,4,4,3,4,1,1,0,0,2,2,2,2,2,2,2,2,4,1,1,3,2,1,0,1,0,1,0,3,2,0,1,3,2,1,0,0,1,1,1,1,0,0,2,0,0,0,0,0,1,3,0,3,0,1,3,1,1,2,2,1,10,3,6,20,2,,7,,0,4,,,,2,2,2,2,2,2,1,2,,1
2760,3,3,1,1,3,1,1,1,1,1,2,1,1,1,1,1,1,1,0,1,1,1,0,1,1,1,1,3,2,0,3,0,0,0,0,0,1,0,0,2,3,0,1,0,0,0,0,0,0,0,2,0,0,0,0,0,0,0,0,0,0,0,0,0,0,0,0,0,0,0,1,10,3,6,,2,,"2,3",,0,4,,1,,2,2,2,2,2,2,1,4,,1
3503,3,1,1,1,1,1,1,1,1,1,2,1,1,1,1,1,1,1,1,0,0,0,0,0,0,0,0,3,1,0,2,1,0,0,3,2,1,1,2,0,1,0,2,1,0,1,1,1,3,1,3,1,1,1,0,0,3,2,0,0,1,1,2,0,0,0,0,0,2,1,1,10,3,6,19,1,,2,,0,4,,4,,2,2,2,2,2,2,2,2,,1
897,3,3,3,1,3,1,2,1,1,1,3,3,3,3,3,1,1,1,1,0,0,0,0,0,0,0,0,2,0,1,0,1,3,0,0,0,2,0,2,0,0,0,2,1,0,0,0,0,2,0,2,0,0,2,0,0,1,0,0,,2,0,2,0,0,0,0,0,0,0,1,8,3,6,19,1,,7,,0,4,,8,,2,2,2,1,2,2,3,1,,1
2059,3,3,3,1,1,1,3,3,3,2,1,1,2,1,4,1,1,1,0,2,0,1,1,0,1,1,1,2,2,2,2,1,3,0,3,1,3,0,0,0,3,1,3,1,0,0,0,3,0,3,3,0,1,3,0,0,3,0,0,2,1,1,2,0,0,1,1,0,0,2,1,10,3,6,19,1,,7,,0,4,,"1,4",,2,2,2,2,2,2,2,1,,1
2437,2,1,1,1,1,1,1,1,1,1,1,1,1,1,1,0,0,0,0,0,0,0,0,0,0,0,0,3,1,0,3,0,1,0,1,0,3,1,0,0,0,0,2,1,0,1,0,0,0,0,3,0,0,1,0,0,0,0,0,0,1,0,1,0,0,0,0,0,0,2,1,10,3,6,20,2,,4,,0,4,,1,,2,1,1,2,1,2,3,3,,1
4241,3,3,3,1,3,1,3,1,3,3,4,2,3,2,4,0,1,0,0,0,0,0,0,0,0,0,0,4,0,0,0,0,0,0,0,0,0,0,1,0,2,0,0,2,0,0,1,0,0,0,1,0,0,0,0,0,1,0,0,0,0,1,1,0,0,0,0,0,0,2,1,10,3,6,20,2,,7,,0,4,,4,,2,2,2,2,2,2,1,3,,1
1702,1,1,1,1,1,1,1,3,3,2,2,2,1,1,4,0,0,0,0,0,0,0,0,0,0,0,0,4,0,0,0,0,0,3,1,3,1,3,0,0,3,2,2,3,1,3,2,0,3,2,1,2,2,0,0,0,1,0,0,1,0,1,3,2,0,2,2,0,2,2,1,10,3,6,20,1,,7,,0,4,,2,,2,2,2,2,2,1,1,2,,1
1480,4,1,2,4,4,4,2,2,3,4,4,4,4,4,4,2,2,2,2,2,2,2,2,2,2,2,2,2,1,3,3,1,2,0,3,3,3,0,3,0,3,3,3,3,2,0,1,3,3,3,3,0,3,3,1,0,3,0,1,3,3,3,3,2,0,2,3,3,1,2,1,10,3,6,18,1,,5,,0,4,,6,,2,2,2,2,2,2,2,1,,
2963,4,3,2,3,3,2,2,1,2,3,4,2,2,3,2,0,0,0,0,0,0,0,0,0,0,0,0,4,0,2,3,0,2,1,3,1,3,1,1,0,3,3,2,2,1,2,1,2,1,1,3,0,1,0,0,0,3,0,0,1,1,2,2,1,0,3,1,1,2,2,1,10,3,6,20,1,,7,,0,4,,1,,2,2,2,2,2,2,1,2,,1
2884,2,2,2,2,2,1,1,1,1,1,3,2,2,1,2,0,0,0,0,0,0,0,0,0,0,0,0,1,0,2,0,0,1,0,1,2,1,0,1,0,1,2,2,1,2,0,1,0,1,2,2,0,0,0,0,0,1,0,0,0,1,1,1,1,0,1,0,0,1,2,1,10,3,6,18,1,,7,,0,4,,1,,2,2,2,2,1,2,3,1,,2
5887,3,3,2,2,3,1,3,2,3,1,2,2,3,2,2,1,1,1,1,1,1,1,0,0,0,0,0,3,0,3,1,0,2,0,1,0,1,0,1,0,2,1,2,3,0,1,2,2,2,1,1,1,1,0,0,0,1,1,0,0,0,0,1,0,0,0,0,0,0,2,1,10,3,6,18,1,,7,,0,4,,1,,2,2,2,2,1,2,3,1,,1
1336,4,3,3,3,3,3,3,3,3,3,3,3,3,3,3,0,0,0,1,0,1,1,0,0,0,1,0,4,0,3,2,1,2,1,2,1,3,1,2,1,3,2,3,2,1,2,1,2,2,3,2,1,2,1,0,0,3,1,0,2,2,0,2,0,0,1,3,0,0,2,1,10,3,6,19,1,,7,,0,4,,1,,2,2,2,1,1,2,1,2,,1
1309,3,3,1,1,1,1,1,1,1,1,1,1,1,1,1,0,0,0,0,0,0,0,0,0,0,0,0,1,0,0,0,0,0,0,3,0,0,0,2,0,2,0,0,1,0,0,0,0,0,0,1,0,0,0,0,0,0,0,0,0,0,0,0,0,0,0,0,0,0,2,1,10,3,6,19,2,,7,,0,4,,1,,2,2,2,2,1,1,3,1,,1
3230,1,4,3,3,3,3,3,1,2,4,4,3,4,3,4,2,1,0,0,0,0,0,0,0,0,0,0,4,3,1,1,1,2,0,0,2,1,1,1,0,1,1,1,0,1,0,0,1,0,0,1,0,1,1,0,0,1,0,1,0,1,0,3,0,0,1,0,0,1,2,1,10,3,6,19,1,,7,,0,4,,4,,1,2,2,2,2,2,3,2,,1
1537,3,2,2,2,3,1,2,1,4,2,3,4,4,3,2,0,0,0,0,0,0,0,2,2,0,0,0,4,0,1,1,0,2,0,3,1,1,2,0,0,2,2,2,2,0,2,0,1,1,0,2,1,1,1,0,0,1,1,0,1,2,2,1,1,0,1,0,0,1,2,1,10,3,6,20,1,,7,,0,4,,4,,2,2,2,2,2,2,1,3,,1
2935,3,2,1,1,1,1,1,1,3,1,2,1,3,2,2,2,2,2,1,2,2,2,2,2,2,2,2,2,1,2,1,0,3,0,1,0,0,0,3,3,1,2,1,1,1,0,0,0,2,0,2,0,0,2,1,0,1,0,0,0,1,1,1,0,0,0,0,0,0,2,1,10,3,6,19,1,,7,,0,4,,4,,2,2,2,2,2,2,1,2,,1
4666,3,3,2,1,1,2,1,1,1,1,3,2,3,2,3,0,1,0,0,0,0,0,0,1,1,0,0,4,3,0,0,0,0,0,2,0,0,2,0,0,2,0,1,0,0,0,0,0,0,0,3,0,0,1,0,0,0,0,0,1,0,0,0,1,0,1,0,0,0,2,1,10,3,6,21,1,,2,,0,4,,4,,2,2,2,2,2,1,3,4,,2
2912,4,4,2,1,1,1,1,1,1,1,3,3,2,2,3,1,0,1,1,0,0,0,0,0,0,0,1,1,1,3,3,1,3,1,3,2,3,1,3,2,3,3,3,3,3,3,2,3,2,3,3,1,3,3,3,0,3,0,1,3,1,3,3,1,0,3,2,3,2,2,1,10,3,6,19,1,,4,,0,2,,,,2,2,2,2,2,2,3,5,transfer student but a sophomore,1
1787,3,3,1,1,2,1,1,1,1,1,3,1,2,1,3,1,0,1,1,2,2,0,0,0,0,0,1,3,1,1,3,0,3,0,1,2,3,3,1,0,0,2,3,1,1,1,1,3,1,1,3,1,1,1,0,0,2,0,2,0,3,1,3,0,0,0,2,0,0,2,1,10,3,6,20,1,,7,,0,2,,8,Spiritual,2,2,2,2,2,2,1,2,,1
1495,3,3,1,2,2,2,3,1,2,2,2,2,2,2,3,2,2,2,2,1,2,2,2,0,0,0,0,3,0,1,0,1,1,0,1,1,0,1,1,0,1,1,2,1,1,1,0,0,0,0,2,0,0,1,0,0,1,0,0,0,0,0,1,0,0,1,0,0,0,2,1,10,3,6,20,1,,7,,0,4,,4,,2,2,2,2,2,2,2,3,,1
259002,4,3,2,1,3,1,1,2,2,1,3,2,2,2,2,1,1,1,2,0,0,0,0,0,0,0,0,1,0,2,1,0,3,2,3,1,1,0,2,3,3,1,3,2,0,2,0,0,0,1,3,1,0,0,0,0,0,1,0,2,0,1,1,1,0,2,0,0,0,2,1,10,3,6,18,1,,7,,0,"4,7",heterofluid,8,none,2,2,2,2,1,2,3,1,,1
1327,3,2,1,2,2,1,1,3,3,1,3,3,3,3,2,0,1,0,0,0,0,0,0,0,0,0,0,3,3,3,2,1,3,1,3,2,3,3,3,1,3,2,3,3,3,3,3,0,3,0,3,1,2,1,0,0,3,1,0,2,3,3,2,0,0,2,3,2,2,2,1,10,3,6,18,1,,"1,7,8",,0,4,,4,,2,2,2,1,1,2,1,1,,1
6228,3,3,3,2,3,1,3,3,3,1,3,2,3,3,3,1,1,1,0,1,2,2,2,0,1,1,2,3,0,1,0,0,1,0,2,0,1,1,0,0,2,0,1,2,1,0,0,0,0,0,3,0,0,0,1,0,0,0,0,0,0,0,1,0,1,0,0,0,0,2,1,10,3,6,20,1,,4,,0,4,,4,,2,2,2,2,1,2,1,3,,1
1278,1,2,2,1,1,1,1,1,1,1,1,2,2,2,1,0,0,0,0,0,0,0,0,0,0,0,0,4,3,2,1,0,0,0,0,0,0,0,0,0,1,0,1,1,0,0,0,0,0,0,2,0,0,0,0,0,0,0,0,1,0,0,0,0,0,0,0,0,0,2,1,10,3,6,20,1,,"1,2,4,8",,0,4,,8,Catholic,1,2,2,2,2,2,3,3,,1
1683,2,3,1,1,1,1,1,1,1,1,2,1,1,1,1,0,0,0,0,0,0,0,0,0,0,0,0,4,3,0,0,0,1,0,0,0,0,0,0,0,0,0,0,0,0,2,0,1,0,0,0,0,0,0,0,0,1,0,0,0,0,0,0,0,0,0,0,0,0,2,1,8,3,6,19,2,,7,,0,4,,8,not religious,2,2,2,2,2,2,3,2,,1
2502,3,3,1,1,2,1,1,1,1,2,2,1,1,1,1,2,2,2,2,2,2,2,2,2,2,2,2,4,3,2,1,0,1,0,1,0,1,0,1,0,0,0,2,1,0,0,0,0,0,0,2,0,0,0,0,0,1,0,0,0,1,0,0,0,0,1,1,0,0,2,1,10,3,6,19,2,,7,,0,4,,1,,2,2,2,2,2,2,2,1,,1
4733,1,2,1,2,1,1,1,1,1,1,3,3,1,2,1,0,0,0,0,0,0,0,0,0,0,1,1,3,1,2,3,0,0,3,3,3,3,0,2,3,3,0,3,3,1,3,3,0,0,0,3,0,3,3,0,0,0,0,0,0,2,2,3,0,3,3,0,1,0,2,1,10,3,6,26,2,,"3,4,5,7,8",,0,4,,"1,2",,2,2,2,2,2,2,1,3,,1
2935,3,2,2,1,3,1,2,1,3,1,4,2,3,1,3,2,0,0,0,0,0,0,0,0,0,0,0,3,0,0,3,0,2,0,2,3,3,1,0,0,3,1,2,2,0,1,1,0,1,0,3,0,1,1,0,0,0,0,0,1,1,1,3,2,0,2,1,0,0,2,1,10,3,6,18,1,,1,,0,4,,1,,2,2,2,2,2,2,3,1,,1
1196,3,4,4,1,3,1,2,1,1,2,2,1,4,2,3,1,1,0,1,0,0,0,0,0,1,1,0,3,2,3,0,0,0,0,3,0,2,2,0,0,1,0,1,1,0,1,0,1,1,0,3,1,0,0,0,0,2,,0,0,0,0,2,0,0,0,0,0,0,2,1,10,3,6,19,1,,7,,0,4,,4,,2,2,2,2,2,2,1,2,,1
2174,3,3,2,2,3,1,1,2,2,3,4,4,4,4,3,1,1,0,1,0,1,1,1,0,0,1,1,3,1,3,3,1,3,0,3,3,3,0,3,0,3,3,3,3,2,3,3,3,3,3,3,0,3,3,3,0,3,0,3,3,3,3,3,0,1,3,3,2,1,2,1,10,3,6,19,1,,7,,0,4,,2,,2,2,2,2,2,2,1,2,,2
2007,4,3,1,3,4,3,1,1,1,4,3,2,3,2,2,0,0,1,1,2,2,1,2,2,0,0,0,1,3,3,3,0,2,0,3,1,2,2,2,2,2,1,3,1,1,0,0,0,0,2,3,1,0,0,0,0,1,1,0,2,3,0,2,1,0,0,2,3,2,2,1,10,3,6,18,1,,7,,0,2,,1,,2,2,2,2,1,2,3,1,,1
1289,4,2,1,2,2,1,1,1,1,3,2,3,3,2,1,0,1,0,0,0,0,0,0,0,0,0,0,3,0,3,3,0,3,1,2,0,3,3,3,0,3,1,2,2,3,3,0,3,0,0,3,0,0,0,0,0,3,0,0,0,3,0,3,1,0,2,2,1,0,2,1,10,2,6,21,1,,2,,0,4,,4,,2,2,2,2,2,1,1,4,,2
2209,4,3,2,2,4,1,3,3,1,3,3,3,3,3,2,1,1,0,0,0,1,1,0,0,0,0,1,3,1,0,0,0,0,0,2,1,2,0,0,1,3,0,2,1,0,0,1,0,0,3,3,0,1,0,0,0,0,0,0,0,1,1,1,1,0,0,0,0,1,2,1,10,3,6,20,1,,"2,7",,0,4,,1,,2,2,2,2,2,2,1,2,,2
1582,1,2,1,1,1,1,3,1,1,1,3,1,1,1,3,0,0,0,0,0,0,0,0,0,0,0,0,2,0,0,1,0,0,0,1,0,1,0,1,0,1,0,2,1,0,0,0,1,0,0,1,0,0,0,0,0,0,0,0,0,0,0,1,0,0,0,1,0,0,2,1,10,3,6,19,1,,4,,0,1,,4,,2,2,2,2,1,2,1,1,,2
2370,2,1,3,1,2,1,3,1,2,1,3,1,4,2,3,0,0,1,1,0,0,0,0,0,0,0,1,4,1,3,3,1,0,0,3,3,3,1,3,0,3,2,2,3,1,0,1,3,2,0,3,0,1,3,3,0,3,0,2,1,1,1,3,0,2,2,3,3,1,2,1,10,3,6,Male,2,,7,,0,4,,8,Not religious ,2,2,2,2,1,2,3,2,,1
1929,4,1,2,4,4,3,2,1,2,4,3,3,2,3,3,1,2,1,1,1,1,2,1,0,1,1,1,1,2,1,1,0,2,0,3,2,3,1,3,0,3,2,3,3,2,0,3,3,3,0,3,0,3,3,3,0,3,1,0,2,1,3,3,0,0,3,3,0,0,2,1,10,3,6,21,1,,7,,0,2,,2,,2,2,2,2,2,2,1,4,,2
1720,3,2,2,1,2,1,1,1,1,1,2,1,2,1,1,0,0,0,0,2,0,0,0,0,0,0,0,4,2,2,1,0,1,0,2,0,0,0,1,1,2,0,1,3,0,0,2,0,1,0,2,0,0,0,0,0,0,0,0,3,1,0,0,1,0,0,2,0,0,2,1,10,3,6,20,1,,7,,0,4,,4,,2,2,2,1,2,2,3,3,,1
1215,3,3,2,1,1,1,1,3,1,1,1,2,3,1,3,0,0,1,0,0,1,1,0,0,0,0,0,3,3,1,0,0,0,0,1,0,1,0,1,0,1,0,1,1,0,0,1,1,0,0,2,0,0,1,0,0,1,0,0,0,0,0,0,0,0,0,1,0,0,2,1,10,3,6,18,1,,7,,0,4,,7,,2,2,2,1,1,1,1,1,,1
5613,4,2,1,2,3,1,3,1,3,2,3,2,1,3,2,1,2,1,2,0,0,1,0,0,1,1,1,4,0,0,1,1,1,0,2,1,1,1,1,1,3,1,1,1,0,0,1,1,0,1,2,0,1,1,0,0,0,0,1,1,2,1,1,0,0,2,0,1,0,2,1,10,3,6,21,1,,"5,7",,0,4,,,,2,2,2,2,2,2,1,5,Transfer student. Just became a senior!,1
2013,2,2,2,1,2,1,1,1,1,1,1,1,1,1,1,0,0,0,0,0,0,0,0,0,0,0,0,3,0,1,3,0,1,0,1,1,3,0,0,0,1,1,1,1,1,0,0,0,0,0,2,0,0,0,0,0,1,0,0,0,0,0,0,0,0,0,0,0,0,2,1,10,3,6,22,1,,7,,0,4,,4,,2,2,2,2,2,2,1,1,,1
2190,1,1,1,1,1,1,1,2,1,1,1,1,1,1,1,0,1,0,1,0,0,1,0,0,1,0,0,2,1,1,0,1,0,0,0,0,0,0,0,0,2,0,0,0,0,0,0,0,1,0,1,0,0,0,0,0,1,0,0,0,3,0,0,0,0,0,0,0,1,2,1,10,3,6,18,1,,7,,0,4,,2,,2,2,2,2,1,2,3,1,,2
1286,2,2,1,1,1,1,1,2,2,1,1,1,2,1,1,0,1,1,0,1,0,1,0,1,1,2,0,3,1,1,0,0,1,0,0,0,1,0,0,0,0,,0,0,0,0,0,0,0,0,0,0,1,0,0,0,0,0,0,0,0,0,0,0,0,0,0,0,0,2,1,10,3,6,21,2,,2,,0,4,,4,,2,2,2,2,2,1,3,4,,1
4315,4,3,1,3,3,1,1,1,1,1,3,3,1,1,1,1,0,1,2,0,0,1,0,0,0,0,0,4,0,1,2,0,1,0,3,0,1,1,1,1,1,1,1,1,0,2,2,0,0,0,1,0,0,0,0,0,1,1,0,0,0,0,3,0,0,1,0,0,0,2,1,10,3,6,19,1,,7,,0,5,,2,,2,2,2,2,2,2,3,2,,1
1821,2,2,1,1,2,1,1,1,1,1,2,2,1,1,3,0,0,0,2,0,2,0,0,0,0,0,0,3,0,2,0,0,1,0,0,0,1,0,2,0,0,1,2,0,1,0,0,2,0,0,1,0,0,0,0,0,1,0,0,1,0,0,3,0,0,1,0,1,0,2,1,10,3,6,20,1,,7,,0,4,,4,,1,2,2,2,2,2,1,2,,1
2374,4,3,2,1,3,1,3,1,1,2,4,3,3,3,2,0,0,0,0,0,0,0,0,0,0,0,0,3,0,1,2,0,3,0,1,3,1,1,1,0,1,0,2,1,0,1,1,0,0,1,2,1,0,0,0,0,0,1,0,1,2,1,2,1,0,1,1,1,0,2,1,10,3,6,18,1,,7,,0,4,,1,,2,2,2,2,1,2,3,1,,1
1185,3,3,4,4,3,2,3,3,3,3,2,3,4,3,2,1,1,1,2,1,0,0,1,0,0,0,1,3,0,1,3,1,2,1,2,1,3,0,1,2,2,2,3,2,1,2,3,3,3,2,3,2,0,3,0,0,3,1,1,3,2,1,3,2,0,2,3,1,1,2,2,9,3,6,20,1,,2,,0,4,,4,,2,2,2,1,1,2,3,3,,1
2429,1,4,1,1,1,1,1,1,3,1,1,1,3,1,4,1,1,0,0,0,0,0,0,0,0,0,0,1,3,0,0,0,0,0,0,0,0,0,0,1,0,0,0,1,0,0,1,0,0,0,0,0,0,0,0,0,0,0,0,0,0,0,0,0,0,0,0,0,0,2,1,10,3,6,18,2,,7,,0,4,,2,,2,2,2,2,1,2,3,1,,1
2050,1,1,2,1,1,1,1,1,3,1,1,1,1,1,1,0,0,0,0,0,0,0,0,0,0,0,0,1,2,0,0,0,0,0,0,0,0,0,0,0,0,0,3,0,0,0,0,1,0,0,0,0,0,0,0,0,0,0,0,0,1,0,0,0,0,0,0,0,0,2,1,7,3,6,18,2,,7,,0,4,,2,,2,1,2,2,1,2,3,1,,2
2139,3,2,3,2,3,1,2,1,2,2,2,2,3,1,2,0,0,0,0,0,0,0,0,0,0,0,0,3,1,1,3,0,2,0,3,0,2,2,1,0,3,0,3,2,0,1,0,1,0,0,2,0,0,2,0,0,2,0,0,0,0,0,0,0,0,0,0,0,0,2,1,10,3,6,21,1,,7,,0,5,,1,,2,2,2,2,2,2,1,3,,2
530,2,3,2,3,2,1,2,3,2,3,3,2,3,3,3,0,0,0,1,1,1,1,1,0,1,1,1,2,0,3,2,2,1,0,1,2,1,1,2,1,2,2,3,3,3,2,1,2,1,2,2,2,2,2,2,0,2,2,1,3,2,3,2,2,3,1,2,2,1,2,3,9,2,4,18,1,,7,,0,1,,4,,2,2,2,1,1,2,1,1,,1
1337,3,4,3,1,1,1,1,3,1,1,1,3,3,2,3,0,1,0,0,0,2,0,0,0,0,0,1,3,1,1,0,1,0,0,2,1,2,0,0,0,1,0,1,1,0,1,3,1,0,0,1,0,1,2,0,0,1,0,0,1,0,0,1,0,0,0,0,0,0,2,1,10,3,6,19,2,,7,,0,4,,2,,2,1,1,2,2,2,1,2,,1
1752,3,3,2,1,2,1,1,1,1,1,2,2,2,2,1,1,1,1,1,1,1,1,1,1,1,1,1,4,0,1,0,0,0,0,1,0,0,0,0,1,3,1,2,2,0,3,0,3,0,1,2,0,1,0,0,0,2,0,0,1,0,1,2,2,0,0,0,0,0,2,1,10,3,6,21,1,,"4,7",,0,2,,4,,2,2,2,2,2,1,1,4,,2
1505,1,1,2,1,1,1,1,2,1,1,1,1,1,1,1,0,1,1,0,1,0,1,0,1,1,1,1,3,0,2,3,0,0,0,2,0,2,0,1,,0,0,2,1,1,0,0,3,0,0,2,0,0,0,0,0,3,0,0,1,0,0,1,0,0,1,1,0,1,2,1,10,3,6,18,1,,2,,0,4,,4,,2,2,2,2,2,2,3,2,,1
1679,4,3,1,4,4,3,1,2,1,4,4,3,2,4,4,1,1,1,1,2,1,1,2,2,1,1,1,4,1,3,3,0,3,1,3,3,3,1,1,0,3,2,3,3,2,3,3,0,3,3,3,1,3,3,1,0,3,1,0,3,3,1,3,0,0,3,2,2,2,2,1,10,3,6,20,1,,7,,0,4,,4,,2,2,2,2,2,2,1,3,,1
2897,3,2,1,1,1,1,1,1,1,1,1,1,1,1,1,0,0,0,0,0,0,0,0,0,0,0,0,4,3,0,0,0,0,0,0,0,0,0,0,0,0,0,0,0,0,0,0,0,0,0,0,0,0,0,0,0,0,0,0,0,0,0,0,0,0,0,0,0,0,2,1,7,3,6,19,2,,4,,0,1,,8,,2,2,2,2,1,2,3,1,,2
8655,2,3,2,1,1,1,2,2,2,2,2,2,2,2,2,0,0,0,0,0,0,0,0,0,0,0,0,4,3,0,1,0,0,1,1,0,1,1,0,1,1,1,1,1,0,1,1,1,0,0,1,0,0,0,0,0,1,0,0,1,1,0,1,0,1,1,1,0,1,2,1,10,3,6,19,2,,4,,0,4,,4,,2,2,2,2,2,2,3,2,,2
1594,2,2,1,1,2,1,1,1,1,1,1,1,1,1,4,1,1,1,0,1,2,0,0,0,1,1,1,2,2,1,1,3,2,1,3,0,0,0,2,1,3,0,3,3,1,1,1,0,0,2,3,0,1,3,1,0,0,1,0,3,0,3,3,1,1,3,2,0,1,2,1,10,3,6,19,"2,3,5,7",nonbinary,7,,0,"1,2,6,7",demiromantic,"3,8",Pagan,2,2,2,2,2,2,1,1,,2
1703,3,3,1,1,3,1,2,1,2,1,3,2,2,2,1,1,1,0,0,0,0,0,0,0,0,0,1,4,0,1,3,0,0,0,3,0,0,3,0,0,2,0,0,2,0,1,0,0,0,0,0,0,0,0,0,0,0,0,0,0,0,1,2,1,0,3,0,0,0,2,1,10,3,6,19,1,,7,,0,4,,2,,2,2,2,2,2,2,3,2,,1
2224,4,3,2,1,3,1,2,1,2,1,3,1,1,2,3,0,0,0,0,1,1,1,0,0,0,1,0,2,2,3,3,1,2,0,1,2,1,1,3,1,1,1,3,2,1,0,0,0,3,2,1,0,0,2,0,0,0,0,0,2,1,1,2,0,0,1,1,1,0,2,1,10,3,6,20,1,,"2,6,7",,0,4,,4,,2,1,2,2,2,2,3,3,,1
2464,4,3,2,1,1,2,4,2,4,1,2,1,2,1,1,2,2,2,2,2,2,2,2,2,2,2,0,2,1,0,2,1,1,1,2,1,3,0,1,1,2,0,2,3,2,1,0,0,1,2,1,0,1,2,0,0,1,0,1,0,0,0,0,0,0,1,0,0,0,2,1,10,3,6,18,1,,"4,7",,0,4,,2,,2,2,2,2,2,2,2,1,,1
888,4,4,1,1,4,1,1,1,1,1,1,1,1,1,1,0,1,1,1,2,1,2,2,2,2,1,1,4,1,1,2,0,2,3,3,1,1,1,2,1,3,2,3,3,0,3,0,3,3,3,2,3,1,0,0,0,2,0,1,1,3,0,2,1,0,2,0,3,0,2,1,,,,20,1,,7,,0,4,,1,,2,2,2,2,2,2,1,3,,1
6466,3,3,4,2,1,1,1,2,3,4,1,1,4,4,4,0,0,1,0,1,1,0,1,0,0,1,0,2,0,0,1,0,0,0,0,0,0,0,0,0,,1,0,1,0,0,0,0,0,0,0,0,0,0,0,0,0,0,0,0,0,0,0,0,0,0,0,0,0,0,1,7,3,3,18,2,,2,,0,1,,5,,2,2,2,2,2,2,2,1,,1
1216,4,3,3,3,3,3,3,1,2,3,3,3,3,3,4,1,1,1,1,1,1,1,1,1,1,1,1,2,2,2,2,0,1,1,2,2,3,1,2,1,3,2,3,3,1,3,1,2,1,2,3,0,1,2,2,1,2,1,0,2,1,2,2,1,0,2,3,1,1,2,1,10,2,6,21,"4,6",,7,,0,6,,"1,7",,2,2,2,2,2,2,1,4,,1
1203,1,4,1,1,1,1,1,1,1,1,1,1,1,1,1,1,1,1,1,1,1,1,1,0,1,1,1,1,1,1,3,1,2,0,2,0,2,0,2,0,3,2,2,2,1,1,0,3,0,0,2,0,0,0,0,0,3,0,0,0,0,0,0,0,0,0,1,0,0,2,1,10,3,6,18,2,,7,,0,2,,2,,2,2,2,2,2,2,1,1,,2
1745,2,3,2,2,2,2,3,2,4,1,2,3,3,2,3,0,0,2,2,1,2,0,1,0,1,0,2,4,1,2,0,0,1,1,1,0,3,2,1,1,2,2,0,2,2,2,1,0,2,0,2,0,0,2,1,0,1,2,2,2,1,0,0,0,1,0,0,,0,0,2,7,3,2,21,2,,7,,0,4,,1,,2,2,2,2,2,2,1,3,,1
2265,4,3,1,2,2,1,2,1,2,3,3,3,3,2,3,0,1,0,0,0,0,0,0,0,0,0,0,4,0,3,0,2,2,0,3,0,1,2,1,0,2,2,1,2,2,2,1,1,1,0,2,0,0,1,0,0,0,0,0,1,0,0,0,2,0,1,0,0,0,2,1,10,3,6,18,1,,7,,0,2,,1,,2,2,2,2,1,2,1,1,,1
1044,3,2,1,1,2,2,2,3,3,2,3,3,3,3,3,1,0,1,2,2,1,1,0,0,0,0,0,4,3,2,0,0,2,0,2,3,2,3,1,1,2,2,3,3,2,0,0,3,1,1,2,0,0,2,1,0,2,2,1,1,0,2,1,0,0,2,3,1,1,2,1,10,3,6,18,1,,7,,0,2,,2,,2,2,2,2,1,2,3,1,,1
1493,2,1,1,1,1,1,1,1,1,1,1,1,1,1,1,0,1,0,0,0,0,0,0,0,0,0,0,1,3,1,0,0,0,0,0,0,2,0,2,0,3,3,0,3,1,0,0,1,0,0,3,1,0,0,2,2,2,0,0,0,1,0,1,0,0,3,0,1,1,2,1,10,3,6,23,2,,"1,7",,0,7,Demisexuality,2,,2,1,2,2,2,2,1,3,,1
1628,4,4,4,4,4,4,4,4,4,4,4,4,4,3,3,0,0,0,0,0,0,0,0,0,0,0,0,3,0,3,3,3,3,0,3,0,3,0,3,0,3,3,3,3,3,0,3,3,3,0,3,0,3,3,1,0,3,0,0,3,3,3,3,0,0,3,3,1,0,2,1,8,3,2,18,1,,7,,0,4,,1,,2,1,2,2,1,1,3,1,,1
1417,1,1,1,1,1,1,1,2,1,1,1,1,1,1,1,0,0,0,0,0,0,0,0,0,0,0,0,3,0,1,0,0,0,0,1,1,0,0,2,0,1,0,3,3,0,0,0,0,1,3,2,1,0,0,0,0,0,1,0,3,0,0,0,0,0,1,1,0,0,2,1,10,3,6,18,1,,7,,0,4,,4,,2,2,2,2,1,2,3,1,,1
2059,2,1,1,1,1,1,1,1,1,1,1,1,1,1,1,0,0,0,0,0,0,0,0,0,0,0,0,1,0,0,0,0,1,0,0,0,1,0,0,1,1,0,0,1,0,1,0,0,0,0,1,1,0,0,0,0,0,0,0,0,0,0,0,0,0,0,0,0,0,2,1,10,3,6,18,2,,7,,0,2,,1,,2,2,2,2,1,2,3,1,,1
1623,4,4,3,4,4,4,4,4,4,4,4,4,4,4,4,0,0,1,0,0,1,1,0,1,0,1,1,3,2,3,2,1,2,2,2,1,2,3,2,0,2,3,2,2,,0,3,2,2,1,3,0,1,2,1,0,2,0,1,0,2,2,2,1,0,2,0,1,2,2,1,10,3,6,20,1,,7,,0,2,,7,,2,2,2,1,2,2,1,3,,1
2383,4,3,1,1,3,2,3,2,4,3,3,3,4,3,4,2,2,2,2,2,2,2,2,2,2,2,2,2,2,2,1,1,2,0,3,1,2,1,0,0,2,1,2,3,2,1,2,0,0,1,2,0,1,1,0,0,1,0,0,0,1,2,2,2,1,2,1,0,2,2,1,10,3,6,22,2,,7,,0,4,,4,,2,2,2,2,2,2,1,3,,1
2167,3,4,3,3,2,3,2,3,4,2,3,3,3,2,2,0,0,1,1,1,1,1,1,1,0,1,1,3,1,3,3,1,0,0,3,1,3,1,2,0,2,1,3,3,1,0,2,2,1,0,3,0,1,3,0,0,3,0,0,2,2,0,1,0,0,2,0,0,0,2,1,10,3,6,19,1,,7,,0,4,,,,2,1,2,1,2,2,3,2,,1
2575,4,4,4,1,1,2,4,3,1,1,3,3,3,4,3,0,1,0,0,0,0,0,0,0,0,0,0,4,3,0,0,0,0,0,1,0,0,0,0,1,1,0,0,0,0,1,1,0,0,0,0,0,0,1,0,0,0,0,0,1,0,0,0,0,0,0,0,0,0,2,1,10,3,6,20,2,,4,,0,4,,8,Roman Catholic,2,2,2,2,2,2,1,3,,1
2488,3,3,2,3,3,1,1,1,1,1,3,2,1,2,2,1,1,1,0,0,0,0,0,0,0,0,0,2,0,2,1,0,1,0,1,0,2,0,0,2,1,0,1,1,1,1,1,0,0,1,1,1,1,1,0,0,0,0,,0,0,1,1,0,0,0,1,0,2,2,1,10,3,6,18,1,,7,,0,2,,1,,2,2,2,2,2,2,3,1,,2
1158,2,4,4,1,3,1,4,1,4,2,3,1,4,2,2,0,0,0,1,2,2,1,1,0,2,0,0,4,1,3,2,0,3,0,2,0,1,0,1,0,0,0,3,3,1,0,0,0,0,0,3,0,0,1,1,0,0,0,0,0,0,0,2,0,0,1,0,0,0,2,1,10,3,6,19,1,,7,,0,4,,4,,2,2,2,2,2,2,2,2,,2
3107,1,3,1,1,2,1,1,1,3,1,1,2,2,1,4,0,0,0,2,0,0,0,0,0,0,0,0,3,1,2,3,0,1,2,2,2,2,3,3,0,3,1,3,3,0,2,0,1,0,0,3,1,0,3,1,0,1,0,0,0,0,0,1,0,0,0,0,1,1,2,1,10,3,6,23,2,,5,,1,4,,6,,2,2,2,2,2,2,2,3,,2
2542,3,4,1,1,2,3,1,1,3,2,2,1,1,2,4,1,0,0,1,2,2,2,2,2,2,1,0,3,2,1,0,0,2,0,1,0,0,1,0,0,0,0,3,2,0,1,0,0,2,1,2,0,0,1,0,0,0,0,0,2,0,1,2,0,0,3,1,0,1,2,1,10,3,6,22,1,,7,,0,4,,2,,2,2,2,2,2,2,2,5,5th year senior ,2
68279,3,3,3,3,3,1,3,3,3,3,3,3,3,3,3,1,1,1,1,1,1,1,1,1,1,1,1,3,0,3,3,1,2,3,3,3,3,1,3,2,3,3,3,3,3,3,2,3,3,2,3,3,2,3,0,1,3,2,0,3,3,3,3,3,1,3,3,2,2,3,1,10,3,6,19,1,,"7,8",,0,4,,4,,2,1,2,2,2,2,2,2,,1
1218,2,1,1,1,1,1,1,1,3,1,1,1,1,3,3,0,1,0,0,0,0,0,0,0,0,0,0,2,1,0,0,0,0,0,2,0,0,0,1,0,1,0,0,1,0,0,0,0,0,0,0,0,0,0,0,0,0,0,0,0,0,1,0,0,0,1,0,0,0,2,1,10,3,6,18,2,,2,,0,4,,2,,2,2,2,2,1,2,1,1,,2
5365,2,3,1,1,2,1,4,1,1,1,1,2,3,1,3,0,1,1,2,0,0,0,0,1,0,0,1,4,0,0,0,0,0,0,2,0,0,0,0,0,0,0,1,1,0,0,0,0,0,0,0,0,0,0,0,0,1,0,0,0,0,0,0,0,0,0,0,0,0,2,1,10,3,6,20,1,,7,,0,4,,4,,2,1,2,2,2,2,1,4,,2
1608,4,3,3,2,4,1,3,1,3,3,4,3,3,2,2,1,1,1,1,1,1,1,1,1,1,1,1,4,0,2,2,0,1,1,1,0,3,1,1,0,3,0,3,2,0,0,2,2,0,0,2,0,2,2,0,0,1,0,0,2,3,3,2,0,0,0,2,1,0,2,1,10,3,4,21,1,,"2,4",,0,4,,4,,2,2,2,1,2,2,3,4,,1
1465,3,2,2,3,3,1,1,1,1,2,3,3,4,2,2,0,1,0,0,0,0,0,0,0,0,0,0,2,1,0,0,0,0,0,1,0,0,0,1,0,1,0,1,2,0,0,0,0,0,0,1,0,0,1,0,0,2,0,0,0,1,0,1,0,0,0,1,0,0,2,1,10,3,6,20,1,,2,,0,4,,4,,2,2,2,2,2,2,1,3,,1
1329,2,3,1,1,3,1,1,1,2,1,3,1,1,1,3,0,1,0,2,0,2,0,0,0,0,0,0,3,0,0,0,0,0,0,1,0,0,0,0,0,0,0,1,1,0,2,0,2,0,0,3,1,0,0,0,0,0,0,0,0,0,0,1,0,0,2,0,0,0,2,1,10,3,6,19,1,,7,,0,4,,1,,2,2,2,2,2,2,1,2,,1
1415,2,3,1,1,2,1,4,3,3,1,1,1,1,1,3,0,1,0,0,0,0,0,0,0,1,1,0,3,0,3,0,0,1,1,2,0,0,0,0,3,2,1,3,2,0,1,1,0,0,0,3,1,1,2,0,1,1,0,0,0,0,2,2,0,0,2,0,0,2,2,1,10,3,6,20,2,,7,,0,4,,4,,2,2,2,2,2,2,2,2,,1
3265,3,2,2,3,3,2,2,1,1,1,4,2,1,1,1,1,1,1,1,0,1,1,0,0,0,1,1,3,2,2,2,0,1,0,3,2,0,0,1,0,2,2,2,3,1,0,1,3,0,2,2,0,1,1,0,0,0,0,0,0,0,2,2,0,0,1,0,0,0,2,1,10,3,6,19,1,,5,,0,4,,4,,2,2,2,2,2,2,1,2,,1
2672,1,1,1,2,2,1,1,1,3,1,2,1,2,2,2,0,1,0,0,0,0,0,0,0,0,0,0,2,1,2,2,0,1,0,3,0,3,0,0,0,3,0,2,2,1,1,0,0,2,0,1,0,0,1,0,0,1,0,0,0,0,0,2,0,0,0,0,0,0,2,1,10,3,6,18,1,,7,,0,4,,1,,2,1,2,1,2,2,3,1,,1
1770,3,3,4,2,2,2,4,2,4,2,3,2,4,3,3,2,2,2,2,2,1,2,0,2,0,0,0,3,0,0,1,0,0,0,2,1,1,2,1,0,2,0,2,3,0,1,0,0,2,2,1,0,0,0,0,1,0,0,0,1,1,0,1,1,0,0,1,0,1,2,1,10,3,6,18,1,,"4,7",,0,2,,8,Catholic,2,2,2,2,1,2,1,1,,1
14,,,,,,,,,,,,,,,,,,,,,,,,,,,,,,,,,,,,,,,,,,,,,,,,,,,,,,,,,,,,,,,,,,,,,,,,,,,,,,,,,,,,,,,,,,,,,,
1479,2,3,1,1,1,1,1,1,1,1,1,1,1,1,2,0,0,0,0,0,0,0,1,0,0,0,0,1,1,1,1,0,1,0,1,0,0,0,1,0,1,1,3,2,0,1,2,0,0,0,2,0,0,2,0,0,1,0,0,0,0,0,0,0,1,0,0,0,3,2,1,9,4,1,19,2,,7,,0,1,,4,,2,2,2,2,2,2,2,1,,1
3322,4,2,2,2,3,,,,,,3,3,3,3,2,0,0,0,0,0,0,0,0,0,0,0,0,4,0,1,1,0,1,0,0,0,1,0,0,0,0,1,1,1,0,1,0,1,0,0,1,0,0,0,0,0,1,0,0,1,0,0,1,0,0,0,0,0,0,2,1,10,3,6,20,1,,7,,0,4,,4,,2,2,2,1,1,1,3,2,,1
1725,1,3,4,1,3,1,4,3,3,1,1,1,4,1,3,0,0,0,0,2,2,0,2,2,2,2,1,3,2,0,1,1,0,0,3,0,0,0,0,1,1,1,0,1,0,0,2,1,0,0,1,0,1,1,0,0,1,0,0,0,0,0,1,0,3,0,0,0,3,2,1,10,3,6,20,1,,"1,4,7",,0,4,,8,Catholic,2,2,2,2,2,2,3,3,,1
26130,4,1,1,1,1,1,1,1,1,1,3,2,1,1,1,0,0,0,0,0,0,1,1,0,0,0,0,4,2,1,1,0,1,2,2,3,2,0,0,3,3,0,2,2,0,1,1,1,1,0,1,1,0,0,0,0,1,1,0,2,2,0,0,3,0,3,1,0,3,2,1,10,3,6,21,1,,"3,7",,0,4,,8,,2,2,2,2,2,2,1,3,,2
2872,3,4,1,1,2,1,1,1,1,1,2,1,2,2,3,0,0,2,2,1,2,2,2,0,0,0,0,3,0,0,0,0,0,0,2,1,1,0,0,0,1,0,0,0,1,0,0,2,0,0,1,0,1,0,0,0,0,0,0,0,0,0,0,0,0,0,0,0,0,2,1,10,3,6,21,1,,2,,1,4,,8,None,2,2,2,2,2,1,1,4,,2
1357,4,4,3,3,4,2,3,1,3,3,4,4,4,4,3,1,1,1,1,2,2,2,2,2,2,2,2,3,2,2,2,2,2,0,3,1,3,2,2,0,3,2,3,3,2,1,3,2,0,3,2,0,1,1,0,0,2,0,0,0,1,1,3,0,0,1,0,0,0,2,1,10,3,6,20,1,,2,,0,4,,2,,2,2,2,2,2,1,1,3,,1
1597,4,4,4,2,4,1,4,1,4,4,4,4,4,4,3,0,0,0,1,0,1,1,0,1,1,0,0,4,0,1,2,0,1,0,3,0,3,0,1,0,3,3,0,2,0,2,2,0,0,0,3,0,0,0,0,0,3,0,0,3,0,1,2,3,0,1,1,0,0,2,1,10,3,6,19,1,,7,,0,4,,1,,2,2,2,1,2,2,3,1,,1
2188,3,3,2,2,1,1,3,1,1,1,3,3,3,1,3,0,1,1,0,0,0,0,0,0,0,1,1,3,1,1,2,0,3,1,2,1,0,1,1,2,1,0,0,2,0,1,1,3,0,0,1,1,1,1,0,0,1,0,1,1,2,1,1,1,0,1,1,0,0,2,1,10,3,6,18,1,,7,,0,4,,2,,2,2,2,2,2,2,2,1,,1
2141,2,3,3,3,2,2,2,2,3,2,2,3,2,2,3,0,0,0,0,0,0,0,0,0,0,0,0,4,3,0,0,1,0,0,0,0,0,0,0,1,0,0,1,0,0,0,0,0,0,0,2,0,0,0,0,0,2,0,0,0,0,0,0,0,0,0,0,0,1,2,1,10,3,6,19,2,,7,,0,4,,4,,1,2,2,2,2,1,3,1,,1
1818,2,1,1,1,1,1,1,1,1,1,1,1,1,1,2,2,2,2,2,2,2,2,2,2,2,2,2,3,0,2,2,,2,0,2,2,2,1,2,1,2,0,3,2,2,1,2,2,2,0,2,2,0,2,0,0,2,0,0,1,0,1,2,0,0,1,2,2,0,0,3,10,3,6,18,1,,2,,0,4,,3,,2,2,2,2,2,2,2,1,,1
5227,3,1,1,1,1,1,1,1,1,1,1,1,1,1,1,0,0,0,0,0,1,1,1,1,1,1,1,3,0,3,0,0,0,0,0,1,1,0,1,0,0,0,0,1,0,1,0,0,0,0,3,0,0,0,0,0,0,0,0,0,1,0,3,2,0,0,0,0,0,2,1,10,2,6,21,1,,4,,0,4,,8,Catholic ,2,2,2,2,2,2,1,3,,1
1693,3,3,4,3,2,2,4,2,1,3,3,2,4,3,3,0,0,0,0,2,2,0,0,2,2,2,2,3,0,3,3,3,3,1,3,3,3,0,2,2,3,2,2,2,3,0,3,3,3,0,3,0,2,2,1,0,3,1,1,2,2,3,2,0,0,3,1,3,0,2,1,10,3,6,20,1,,8,,0,4,,2,,2,2,2,2,2,2,1,3,,1
3652,4,3,1,2,4,1,1,2,4,4,4,4,4,3,3,0,0,0,0,0,0,0,0,0,0,0,0,2,1,1,3,3,2,0,3,3,1,1,2,2,3,2,3,3,1,3,1,2,3,3,,0,2,3,1,0,2,0,0,3,3,3,3,1,0,2,1,1,0,2,1,10,3,6,20,1,,7,,0,5,,2,,2,2,2,2,2,2,1,2,,2
2020,4,3,2,1,2,2,3,1,3,2,3,2,2,2,3,1,1,1,1,1,1,1,0,0,0,0,0,3,0,0,1,0,1,0,1,0,1,0,0,1,1,0,1,1,0,0,1,0,0,0,2,0,1,1,0,0,1,0,0,1,2,0,1,0,0,1,0,0,0,2,1,10,3,6,20,2,,7,,0,4,,1,,2,1,1,2,1,2,3,2,,1
1508,4,3,2,3,4,1,1,1,1,3,3,2,2,2,1,2,1,2,2,2,2,1,2,2,2,0,0,2,0,2,1,0,3,0,1,1,2,1,3,0,2,0,2,3,2,0,2,1,3,2,3,0,0,0,0,0,1,0,0,1,1,1,2,0,0,1,2,0,1,2,1,10,3,6,20,1,,7,,0,4,,4,,2,2,2,1,1,2,1,2,,1
2189,2,2,2,2,2,2,2,2,3,1,2,2,2,2,2,1,1,0,0,1,0,0,1,1,0,1,1,4,0,1,1,1,1,1,2,1,1,0,2,2,1,1,1,1,1,0,0,0,1,0,2,0,0,0,0,0,1,0,0,0,1,1,1,0,0,1,0,0,0,2,1,10,3,6,22,2,,7,,0,4,,2,,2,1,1,2,2,2,3,4,,1
1456,3,3,1,1,2,1,1,1,1,1,3,2,3,1,2,0,0,0,0,0,0,0,0,0,0,0,0,2,0,2,3,0,0,0,2,0,2,0,1,0,3,0,3,3,1,0,0,2,1,1,2,0,0,0,0,0,0,0,0,2,0,1,0,0,0,1,0,0,0,2,1,10,3,6,18,1,,2,,0,4,,4,,2,2,2,2,1,2,3,1,,1
2847,4,3,1,1,3,1,1,1,1,1,2,1,3,1,1,0,0,0,0,0,0,0,0,0,0,0,0,2,0,1,3,0,3,3,1,3,1,2,3,0,0,3,1,2,3,0,0,0,0,0,1,0,0,2,1,0,1,3,1,2,3,3,3,2,0,3,3,0,0,2,1,,3,6,23,2,,7,,0,3,,,,2,2,2,2,2,2,2,2,,1
75189,3,2,1,1,2,1,2,1,1,1,1,1,1,1,3,0,0,1,0,2,2,2,2,2,2,1,0,1,1,2,1,0,1,0,3,0,1,0,2,0,3,0,3,3,0,1,1,0,3,0,1,1,0,0,0,0,0,1,0,0,1,1,2,0,0,0,0,0,0,2,1,10,3,6,,1,,7,,0,4,,7,,2,2,2,1,1,2,1,1,,2
6006,3,3,3,3,2,3,3,1,1,2,2,2,2,2,2,0,1,1,0,1,1,1,0,0,0,0,0,2,0,1,1,0,1,1,1,0,1,2,0,0,2,1,2,2,0,1,1,0,1,0,1,0,1,1,1,1,1,2,0,1,1,0,0,0,0,1,1,0,1,1,1,7,2,2,28,1,,4,,0,4,,8,,2,2,2,2,2,2,1,3,,1
1586,3,2,2,1,3,1,1,2,3,1,3,4,4,3,4,1,0,1,0,0,1,1,0,0,0,0,0,4,1,3,2,0,1,0,3,1,1,0,2,1,3,2,3,2,0,2,0,2,1,0,3,0,1,2,0,0,1,0,0,3,1,2,2,2,0,1,2,0,0,2,1,10,3,6,19,1,,7,,0,2,,1,,2,2,2,2,2,2,1,2,,1
705,4,4,4,4,4,1,2,2,3,2,2,3,3,3,3,1,2,2,2,2,2,2,2,2,2,2,2,3,1,3,1,2,2,2,2,0,2,3,1,2,2,3,2,1,1,2,2,2,2,1,2,3,2,3,3,2,2,3,2,2,1,2,1,2,3,2,3,3,2,2,4,11,3,4,18,2,,7,,0,4,,"2,7",,1,2,2,2,2,2,2,1,,2
1284,4,3,1,2,3,3,2,1,2,2,4,3,2,2,2,0,1,1,0,2,2,2,2,0,2,0,0,3,1,1,3,1,1,0,3,2,2,1,3,0,2,0,1,2,0,1,0,1,0,2,3,1,0,2,0,0,2,1,0,0,0,1,3,0,0,1,1,0,0,2,1,10,3,6,20,1,,7,,0,4,,4,,2,2,2,2,2,2,3,3,,1
2672,4,4,3,4,4,1,3,3,2,4,4,3,3,4,4,0,0,1,0,0,0,0,0,0,0,0,0,3,2,1,3,1,1,1,2,2,2,0,2,0,3,3,3,3,1,0,0,1,1,2,3,1,1,1,1,0,2,1,0,0,0,1,2,2,0,0,1,1,0,2,1,10,3,6,20,1,,7,,0,2,,1,,2,2,2,2,2,2,1,1,,2
186,,,,,,,,,,,,,,,,,,,,,,,,,,,,,,,,,,,,,,,,,,,,,,,,,,,,,,,,,,,,,,,,,,,,,,,,,,,,,,,,,,,,,,,,,,,,,,